,filename,ResNet50.npy,DenseNet201.npy,xception.npy
0,23933.jpg,1.0,0.0,1.0
1,23728.jpg,1.0,1.0,1.0
2,24047.jpg,1.0,1.0,1.0
3,23700.jpg,1.0,1.0,1.0
4,24251.jpg,1.0,1.0,1.0
5,20779.jpg,1.0,0.0,1.0
6,23502.jpg,1.0,1.0,1.0
7,20816.jpg,1.0,0.0,1.0
8,22973.jpg,1.0,1.0,0.0
9,23462.jpg,1.0,1.0,0.0
10,23476.jpg,1.0,1.0,0.0
11,20619.jpg,1.0,0.0,1.0
12,22595.jpg,1.0,1.0,1.0
13,23853.jpg,1.0,1.0,1.0
14,22542.jpg,1.0,1.0,1.0
15,23648.jpg,1.0,1.0,1.0
16,23107.jpg,1.0,1.0,1.0
17,23852.jpg,1.0,0.0,1.0
18,23477.jpg,1.0,1.0,0.0
19,23463.jpg,1.0,1.0,1.0
20,24324.jpg,1.0,1.0,1.0
21,23503.jpg,1.0,1.0,1.0
22,23259.jpg,1.0,1.0,1.0
23,23067.jpg,1.0,0.0,1.0
24,21894.jpg,1.0,1.0,1.0
25,21843.jpg,1.0,1.0,1.0
26,21855.jpg,1.0,1.0,1.0
27,21699.jpg,1.0,1.0,1.0
28,23930.jpg,1.0,1.0,0.0
29,20544.jpg,1.0,0.0,0.0
30,23065.jpg,1.0,1.0,1.0
31,23717.jpg,1.0,1.0,1.0
32,20785.jpg,1.0,1.0,0.0
33,22179.jpg,1.0,1.0,1.0
34,21316.jpg,1.0,1.0,0.0
35,20801.jpg,1.0,1.0,1.0
36,21538.jpg,1.0,0.0,1.0
37,23688.jpg,1.0,1.0,1.0
38,21921.jpg,1.0,1.0,0.0
39,24130.jpg,1.0,1.0,1.0
40,22569.jpg,1.0,1.0,1.0
41,23663.jpg,1.0,1.0,1.0
42,23110.jpg,1.0,0.0,0.0
43,22540.jpg,1.0,1.0,1.0
44,23879.jpg,1.0,1.0,1.0
45,23306.jpg,1.0,1.0,1.0
46,23474.jpg,1.0,1.0,1.0
47,20800.jpg,1.0,1.0,1.0
48,21317.jpg,1.0,0.0,0.0
49,23528.jpg,1.0,1.0,1.0
50,21459.jpg,1.0,1.0,1.0
51,22144.jpg,1.0,1.0,1.0
52,22805.jpg,1.0,1.0,1.0
53,23299.jpg,1.0,0.0,1.0
54,23070.jpg,1.0,1.0,1.0
55,24045.jpg,1.0,0.0,0.0
56,22434.jpg,1.0,1.0,1.0
57,24051.jpg,1.0,1.0,1.0
58,22420.jpg,1.0,0.0,1.0
59,21868.jpg,1.0,1.0,1.0
60,23931.jpg,1.0,1.0,0.0
61,23925.jpg,1.0,1.0,1.0
62,20596.jpg,1.0,1.0,1.0
63,24082.jpg,1.0,1.0,1.0
64,20582.jpg,1.0,1.0,1.0
65,21677.jpg,1.0,1.0,1.0
66,21105.jpg,1.0,0.0,1.0
67,22342.jpg,1.0,1.0,1.0
68,21139.jpg,1.0,1.0,1.0
69,21887.jpg,1.0,1.0,1.0
70,20794.jpg,1.0,1.0,0.0
71,23289.jpg,0.0,1.0,1.0
72,22197.jpg,1.0,0.0,1.0
73,20958.jpg,1.0,1.0,1.0
74,23276.jpg,1.0,1.0,1.0
75,22626.jpg,1.0,0.0,1.0
76,21529.jpg,1.0,1.0,1.0
77,20151.jpg,0.0,0.0,1.0
78,20384.jpg,1.0,0.0,1.0
79,22550.jpg,1.0,0.0,1.0
80,24108.jpg,1.0,1.0,1.0
81,23101.jpg,1.0,1.0,1.0
82,23698.jpg,1.0,1.0,1.0
83,21919.jpg,1.0,1.0,0.0
84,20150.jpg,1.0,0.0,1.0
85,22753.jpg,0.0,1.0,0.0
86,23465.jpg,1.0,1.0,1.0
87,24256.jpg,0.0,1.0,1.0
88,20756.jpg,1.0,1.0,0.0
89,22169.jpg,1.0,1.0,1.0
90,22814.jpg,1.0,0.0,1.0
91,23713.jpg,1.0,1.0,1.0
92,20568.jpg,1.0,1.0,1.0
93,23061.jpg,1.0,1.0,1.0
94,23088.jpg,1.0,0.0,1.0
95,21106.jpg,1.0,1.0,1.0
96,22355.jpg,1.0,1.0,1.0
97,21884.jpg,1.0,1.0,1.0
98,22427.jpg,1.0,0.0,1.0
99,21890.jpg,1.0,1.0,1.0
100,20556.jpg,1.0,1.0,1.0
101,23261.jpg,1.0,1.0,1.0
102,23507.jpg,1.0,1.0,0.0
103,21310.jpg,1.0,1.0,0.0
104,20740.jpg,1.0,1.0,1.0
105,20754.jpg,1.0,1.0,1.0
106,24254.jpg,1.0,1.0,1.0
107,23498.jpg,1.0,1.0,1.0
108,23473.jpg,1.0,1.0,1.0
109,20620.jpg,1.0,0.0,1.0
110,21933.jpg,1.0,1.0,1.0
111,22552.jpg,1.0,1.0,1.0
112,24137.jpg,1.0,1.0,1.0
113,23116.jpg,1.0,0.0,1.0
114,21715.jpg,1.0,1.0,0.0
115,21932.jpg,1.0,1.0,1.0
116,20147.jpg,1.0,1.0,0.0
117,22022.jpg,1.0,1.0,1.0
118,23472.jpg,1.0,1.0,1.0
119,23499.jpg,1.0,1.0,1.0
120,24241.jpg,1.0,1.0,1.0
121,20782.jpg,1.0,1.0,1.0
122,21885.jpg,1.0,1.0,1.0
123,20225.jpg,1.0,1.0,1.0
124,21852.jpg,1.0,1.0,0.0
125,20242.jpg,1.0,1.0,1.0
126,23987.jpg,1.0,1.0,1.0
127,23011.jpg,1.0,1.0,1.0
128,21612.jpg,1.0,0.0,1.0
129,20929.jpg,1.0,1.0,1.0
130,24226.jpg,1.0,1.0,0.0
131,22125.jpg,0.0,1.0,1.0
132,22643.jpg,1.0,1.0,1.0
133,23575.jpg,1.0,1.0,1.0
134,21362.jpg,0.0,1.0,1.0
135,23207.jpg,1.0,1.0,1.0
136,22092.jpg,1.0,1.0,1.0
137,20685.jpg,1.0,0.0,1.0
138,20134.jpg,1.0,1.0,0.0
139,22723.jpg,1.0,1.0,1.0
140,20108.jpg,1.0,1.0,1.0
141,23373.jpg,1.0,1.0,1.0
142,23818.jpg,1.0,0.0,1.0
143,20450.jpg,1.0,1.0,1.0
144,22247.jpg,1.0,1.0,0.0
145,20322.jpg,1.0,1.0,1.0
146,24178.jpg,1.0,1.0,1.0
147,21001.jpg,1.0,1.0,1.0
148,24145.jpg,1.0,0.0,1.0
149,21798.jpg,1.0,1.0,1.0
150,22050.jpg,1.0,1.0,1.0
151,22093.jpg,1.0,1.0,1.0
152,22087.jpg,0.0,1.0,0.0
153,23560.jpg,1.0,1.0,1.0
154,20900.jpg,1.0,0.0,1.0
155,20082.jpg,1.0,1.0,1.0
156,23979.jpg,1.0,1.0,0.0
157,20533.jpg,1.0,1.0,0.0
158,23984.jpg,1.0,0.0,1.0
159,24033.jpg,1.0,1.0,1.0
160,23760.jpg,1.0,1.0,1.0
161,21177.jpg,1.0,1.0,1.0
162,20916.jpg,1.0,1.0,1.0
163,20731.jpg,1.0,1.0,0.0
164,21375.jpg,1.0,1.0,1.0
165,20686.jpg,1.0,1.0,0.0
166,23402.jpg,1.0,1.0,1.0
167,22293.jpg,1.0,1.0,1.0
168,21956.jpg,1.0,1.0,1.0
169,20447.jpg,1.0,1.0,1.0
170,21765.jpg,1.0,1.0,1.0
171,23600.jpg,1.0,1.0,1.0
172,21016.jpg,1.0,1.0,1.0
173,23167.jpg,1.0,1.0,1.0
174,21994.jpg,1.0,1.0,1.0
175,22286.jpg,1.0,1.0,1.0
176,20485.jpg,1.0,0.0,1.0
177,22709.jpg,1.0,1.0,1.0
178,23371.jpg,1.0,1.0,0.0
179,20650.jpg,1.0,1.0,1.0
180,20136.jpg,1.0,1.0,1.0
181,20718.jpg,1.0,1.0,1.0
182,20056.jpg,1.0,1.0,1.0
183,20095.jpg,1.0,0.0,1.0
184,21604.jpg,1.0,1.0,1.0
185,22331.jpg,1.0,1.0,1.0
186,22490.jpg,1.0,1.0,1.0
187,23981.jpg,0.0,1.0,1.0
188,22862.jpg,1.0,1.0,0.0
189,20091.jpg,1.0,1.0,1.0
190,23598.jpg,1.0,1.0,1.0
191,23567.jpg,1.0,0.0,1.0
192,24234.jpg,1.0,1.0,1.0
193,21358.jpg,1.0,1.0,1.0
194,24220.jpg,1.0,0.0,1.0
195,23407.jpg,1.0,1.0,1.0
196,22731.jpg,1.0,1.0,1.0
197,21238.jpg,1.0,0.0,1.0
198,21947.jpg,1.0,1.0,1.0
199,21990.jpg,1.0,1.0,1.0
200,20330.jpg,1.0,1.0,1.0
201,21991.jpg,1.0,0.0,1.0
202,24143.jpg,1.0,1.0,1.0
203,20319.jpg,1.0,1.0,1.0
204,22268.jpg,1.0,1.0,1.0
205,23406.jpg,1.0,1.0,0.0
206,23360.jpg,1.0,1.0,1.0
207,22917.jpg,1.0,1.0,1.0
208,22136.jpg,0.0,1.0,1.0
209,21371.jpg,1.0,1.0,1.0
210,22446.jpg,1.0,1.0,1.0
211,22308.jpg,1.0,1.0,1.0
212,23764.jpg,1.0,1.0,1.0
213,21198.jpg,1.0,1.0,1.0
214,21818.jpg,1.0,1.0,1.0
215,22336.jpg,1.0,0.0,1.0
216,20938.jpg,1.0,1.0,1.0
217,21373.jpg,1.0,1.0,1.0
218,21207.jpg,1.0,1.0,0.0
219,23376.jpg,1.0,0.0,1.0
220,23160.jpg,1.0,1.0,1.0
221,23148.jpg,1.0,1.0,1.0
222,22243.jpg,0.0,1.0,1.0
223,23613.jpg,1.0,1.0,0.0
224,23161.jpg,1.0,1.0,1.0
225,22280.jpg,1.0,0.0,1.0
226,21979.jpg,1.0,1.0,1.0
227,21206.jpg,1.0,1.0,0.0
228,23377.jpg,1.0,0.0,1.0
229,21574.jpg,1.0,1.0,1.0
230,21212.jpg,1.0,1.0,1.0
231,22096.jpg,1.0,1.0,1.0
232,24222.jpg,1.0,1.0,1.0
233,21366.jpg,1.0,1.0,1.0
234,20252.jpg,1.0,1.0,1.0
235,23798.jpg,1.0,0.0,1.0
236,21814.jpg,1.0,1.0,1.0
237,21196.jpg,1.0,1.0,1.0
238,20288.jpg,1.0,1.0,1.0
239,24005.jpg,1.0,1.0,1.0
240,21169.jpg,1.0,1.0,1.0
241,24039.jpg,1.0,1.0,1.0
242,23597.jpg,1.0,1.0,1.0
243,22845.jpg,1.0,1.0,1.0
244,21431.jpg,1.0,1.0,1.0
245,23540.jpg,1.0,1.0,1.0
246,21586.jpg,1.0,1.0,0.0
247,22299.jpg,1.0,1.0,1.0
248,22514.jpg,1.0,0.0,0.0
249,21020.jpg,1.0,0.0,1.0
250,20100.jpg,1.0,0.0,0.0
251,22703.jpg,1.0,1.0,1.0
252,22065.jpg,1.0,1.0,1.0
253,21587.jpg,1.0,1.0,1.0
254,21430.jpg,1.0,1.0,1.0
255,24206.jpg,1.0,0.0,1.0
256,22111.jpg,1.0,1.0,1.0
257,23743.jpg,1.0,1.0,0.0
258,23031.jpg,1.0,1.0,1.0
259,22307.jpg,1.0,0.0,1.0
260,20510.jpg,1.0,1.0,0.0
261,23794.jpg,1.0,0.0,1.0
262,23782.jpg,0.0,1.0,0.0
263,20274.jpg,1.0,1.0,0.0
264,20260.jpg,1.0,1.0,1.0
265,20089.jpg,1.0,1.0,1.0
266,20062.jpg,1.0,0.0,1.0
267,23386.jpg,1.0,1.0,1.0
268,20894.jpg,1.0,1.0,0.0
269,21787.jpg,1.0,1.0,0.0
270,22517.jpg,1.0,1.0,1.0
271,20328.jpg,1.0,1.0,1.0
272,20315.jpg,1.0,1.0,1.0
273,23185.jpg,1.0,1.0,1.0
274,24198.jpg,1.0,1.0,1.0
275,23813.jpg,1.0,1.0,1.0
276,23344.jpg,1.0,1.0,1.0
277,21209.jpg,1.0,1.0,1.0
278,20117.jpg,1.0,1.0,1.0
279,21584.jpg,1.0,1.0,1.0
280,23393.jpg,1.0,1.0,1.0
281,24239.jpg,1.0,1.0,1.0
282,23218.jpg,1.0,1.0,1.0
283,22847.jpg,1.0,0.0,1.0
284,23032.jpg,1.0,1.0,1.0
285,24007.jpg,1.0,1.0,1.0
286,20261.jpg,1.0,1.0,1.0
287,21806.jpg,1.0,1.0,1.0
288,23750.jpg,1.0,0.0,1.0
289,22472.jpg,0.0,1.0,1.0
290,23591.jpg,1.0,1.0,0.0
291,20098.jpg,1.0,1.0,1.0
292,21345.jpg,1.0,1.0,1.0
293,22116.jpg,1.0,1.0,1.0
294,20885.jpg,1.0,1.0,0.0
295,22738.jpg,1.0,1.0,1.0
296,23368.jpg,1.0,1.0,1.0
297,23181.jpg,1.0,1.0,1.0
298,23817.jpg,1.0,0.0,1.0
299,21972.jpg,1.0,0.0,1.0
300,23156.jpg,1.0,1.0,1.0
301,22260.jpg,1.0,0.0,1.0
302,21769.jpg,1.0,1.0,1.0
303,20311.jpg,1.0,1.0,1.0
304,24177.jpg,1.0,1.0,0.0
305,23625.jpg,1.0,1.0,0.0
306,21783.jpg,1.0,1.0,1.0
307,20674.jpg,1.0,1.0,1.0
308,20660.jpg,1.0,1.0,1.0
309,20714.jpg,1.0,0.0,0.0
310,21344.jpg,1.0,1.0,0.0
311,21422.jpg,1.0,1.0,1.0
312,20728.jpg,1.0,1.0,1.0
313,24228.jpg,1.0,1.0,1.0
314,20927.jpg,1.0,1.0,0.0
315,20502.jpg,1.0,1.0,0.0
316,24016.jpg,1.0,1.0,1.0
317,21187.jpg,1.0,1.0,1.0
318,20299.jpg,1.0,1.0,1.0
319,21150.jpg,1.0,1.0,0.0
320,23747.jpg,0.0,1.0,1.0
321,20925.jpg,1.0,1.0,1.0
322,22854.jpg,1.0,1.0,1.0
323,23551.jpg,1.0,0.0,0.0
324,22897.jpg,1.0,0.0,1.0
325,21352.jpg,1.0,1.0,0.0
326,23380.jpg,1.0,1.0,1.0
327,22707.jpg,1.0,1.0,1.0
328,21965.jpg,1.0,1.0,1.0
329,20448.jpg,1.0,1.0,0.0
330,21018.jpg,0.0,1.0,1.0
331,20306.jpg,0.0,1.0,1.0
332,23632.jpg,1.0,1.0,1.0
333,22538.jpg,1.0,1.0,1.0
334,21964.jpg,1.0,1.0,1.0
335,22289.jpg,1.0,1.0,1.0
336,21794.jpg,1.0,1.0,1.0
337,22074.jpg,1.0,1.0,1.0
338,23430.jpg,1.0,1.0,1.0
339,20717.jpg,1.0,1.0,1.0
340,22128.jpg,1.0,1.0,1.0
341,20930.jpg,1.0,1.0,1.0
342,21179.jpg,1.0,1.0,0.0
343,23949.jpg,1.0,1.0,1.0
344,23791.jpg,1.0,1.0,1.0
345,23912.jpg,1.0,1.0,1.0
346,23090.jpg,1.0,0.0,1.0
347,23084.jpg,1.0,1.0,0.0
348,23709.jpg,1.0,1.0,0.0
349,24072.jpg,1.0,1.0,1.0
350,23053.jpg,1.0,1.0,1.0
351,21644.jpg,0.0,1.0,1.0
352,21491.jpg,1.0,1.0,1.0
353,22167.jpg,1.0,1.0,1.0
354,22629.jpg,0.0,1.0,0.0
355,21297.jpg,1.0,1.0,1.0
356,21254.jpg,1.0,1.0,1.0
357,21240.jpg,0.0,1.0,1.0
358,20638.jpg,1.0,0.0,1.0
359,21095.jpg,1.0,0.0,1.0
360,23640.jpg,1.0,1.0,0.0
361,23873.jpg,0.0,1.0,1.0
362,21916.jpg,1.0,1.0,1.0
363,22748.jpg,1.0,1.0,0.0
364,22774.jpg,1.0,1.0,1.0
365,20605.jpg,1.0,1.0,0.0
366,22947.jpg,1.0,0.0,0.0
367,23244.jpg,1.0,1.0,0.0
368,22172.jpg,0.0,1.0,1.0
369,23287.jpg,1.0,0.0,1.0
370,21484.jpg,1.0,1.0,0.0
371,22833.jpg,1.0,1.0,0.0
372,20229.jpg,1.0,1.0,1.0
373,21645.jpg,1.0,1.0,0.0
374,22416.jpg,1.0,1.0,1.0
375,24098.jpg,1.0,0.0,1.0
376,22400.jpg,1.0,1.0,1.0
377,22819.jpg,1.0,1.0,1.0
378,22602.jpg,1.0,1.0,1.0
379,23534.jpg,1.0,0.0,1.0
380,22789.jpg,1.0,0.0,1.0
381,20175.jpg,1.0,1.0,1.0
382,24313.jpg,1.0,1.0,0.0
383,22004.jpg,1.0,0.0,1.0
384,23332.jpg,1.0,0.0,1.0
385,21900.jpg,1.0,1.0,1.0
386,23865.jpg,1.0,1.0,1.0
387,23695.jpg,1.0,1.0,0.0
388,23681.jpg,1.0,1.0,1.0
389,20411.jpg,1.0,1.0,1.0
390,20439.jpg,1.0,1.0,1.0
391,23130.jpg,1.0,0.0,1.0
392,23657.jpg,1.0,1.0,1.0
393,24110.jpg,1.0,0.0,1.0
394,22575.jpg,1.0,1.0,1.0
395,21097.jpg,1.0,1.0,1.0
396,23694.jpg,1.0,1.0,1.0
397,23441.jpg,1.0,1.0,0.0
398,22993.jpg,1.0,0.0,1.0
399,24312.jpg,1.0,1.0,1.0
400,22763.jpg,1.0,0.0,1.0
401,22944.jpg,1.0,0.0,1.0
402,21281.jpg,1.0,1.0,1.0
403,20996.jpg,1.0,1.0,0.0
404,23509.jpg,1.0,1.0,1.0
405,23723.jpg,1.0,1.0,1.0
406,22401.jpg,1.0,1.0,1.0
407,21685.jpg,1.0,1.0,1.0
408,23928.jpg,1.0,1.0,1.0
409,21497.jpg,1.0,1.0,1.0
410,21483.jpg,1.0,0.0,1.0
411,22149.jpg,0.0,1.0,1.0
412,20825.jpg,1.0,1.0,1.0
413,20831.jpg,1.0,1.0,1.0
414,23486.jpg,1.0,0.0,1.0
415,21087.jpg,1.0,1.0,1.0
416,23874.jpg,1.0,1.0,1.0
417,21736.jpg,1.0,1.0,1.0
418,20400.jpg,1.0,1.0,1.0
419,24100.jpg,1.0,1.0,0.0
420,22570.jpg,1.0,1.0,1.0
421,21904.jpg,1.0,1.0,1.0
422,23875.jpg,1.0,1.0,1.0
423,22014.jpg,1.0,1.0,1.0
424,22996.jpg,1.0,1.0,1.0
425,20159.jpg,1.0,1.0,1.0
426,22028.jpg,1.0,1.0,1.0
427,22955.jpg,1.0,1.0,1.0
428,23242.jpg,1.0,1.0,1.0
429,20978.jpg,1.0,1.0,1.0
430,22376.jpg,1.0,1.0,1.0
431,21125.jpg,1.0,1.0,1.0
432,21864.jpg,1.0,1.0,1.0
433,20563.jpg,1.0,1.0,1.0
434,21325.jpg,1.0,1.0,0.0
435,21443.jpg,1.0,1.0,1.0
436,23240.jpg,1.0,1.0,1.0
437,23268.jpg,1.0,1.0,1.0
438,20761.jpg,1.0,1.0,1.0
439,23491.jpg,1.0,1.0,0.0
440,20173.jpg,1.0,1.0,1.0
441,23308.jpg,1.0,0.0,0.0
442,23877.jpg,1.0,0.0,1.0
443,23122.jpg,1.0,1.0,1.0
444,21735.jpg,1.0,1.0,1.0
445,22201.jpg,1.0,1.0,1.0
446,20416.jpg,1.0,1.0,1.0
447,21046.jpg,1.0,1.0,1.0
448,21720.jpg,0.0,1.0,1.0
449,23123.jpg,1.0,0.0,1.0
450,21052.jpg,1.0,1.0,0.0
451,23876.jpg,1.0,1.0,0.0
452,23862.jpg,1.0,1.0,0.0
453,21091.jpg,1.0,0.0,1.0
454,23309.jpg,1.0,1.0,0.0
455,20166.jpg,1.0,1.0,1.0
456,22771.jpg,1.0,1.0,1.0
457,24314.jpg,0.0,1.0,1.0
458,23453.jpg,1.0,1.0,1.0
459,21250.jpg,1.0,1.0,1.0
460,23321.jpg,1.0,1.0,1.0
461,23490.jpg,1.0,1.0,0.0
462,22956.jpg,1.0,1.0,1.0
463,20833.jpg,1.0,1.0,0.0
464,20774.jpg,1.0,1.0,1.0
465,24260.jpg,1.0,1.0,0.0
466,22177.jpg,1.0,0.0,1.0
467,23241.jpg,1.0,1.0,1.0
468,22639.jpg,1.0,1.0,1.0
469,20984.jpg,1.0,1.0,1.0
470,20947.jpg,1.0,0.0,1.0
471,21126.jpg,1.0,1.0,1.0
472,21873.jpg,1.0,1.0,1.0
473,23094.jpg,1.0,1.0,1.0
474,20553.jpg,1.0,1.0,1.0
475,24053.jpg,1.0,1.0,1.0
476,21671.jpg,1.0,0.0,1.0
477,22185.jpg,0.0,1.0,1.0
478,22813.jpg,1.0,1.0,0.0
479,22152.jpg,1.0,1.0,1.0
480,20989.jpg,1.0,1.0,1.0
481,23338.jpg,1.0,0.0,1.0
482,23304.jpg,1.0,1.0,1.0
483,23310.jpg,1.0,1.0,1.0
484,23890.jpg,1.0,1.0,1.0
485,23660.jpg,1.0,1.0,1.0
486,23106.jpg,1.0,1.0,1.0
487,23675.jpg,1.0,0.0,1.0
488,21923.jpg,1.0,1.0,1.0
489,23846.jpg,1.0,1.0,1.0
490,21506.jpg,1.0,1.0,1.0
491,20630.jpg,0.0,1.0,1.0
492,22741.jpg,1.0,1.0,1.0
493,22812.jpg,1.0,1.0,1.0
494,21670.jpg,1.0,1.0,1.0
495,22345.jpg,1.0,1.0,1.0
496,22423.jpg,1.0,1.0,1.0
497,20546.jpg,1.0,1.0,1.0
498,23932.jpg,0.0,1.0,1.0
499,22384.jpg,1.0,1.0,1.0
500,20587.jpg,1.0,0.0,1.0
501,21841.jpg,1.0,1.0,1.0
502,24087.jpg,1.0,1.0,1.0
503,22421.jpg,0.0,0.0,1.0
504,24050.jpg,1.0,0.0,1.0
505,20550.jpg,1.0,1.0,1.0
506,22409.jpg,0.0,1.0,0.0
507,22810.jpg,1.0,1.0,0.0
508,20752.jpg,1.0,1.0,1.0
509,23529.jpg,1.0,1.0,1.0
510,22637.jpg,1.0,1.0,1.0
511,21470.jpg,1.0,1.0,1.0
512,22031.jpg,1.0,1.0,1.0
513,20140.jpg,1.0,1.0,1.0
514,22025.jpg,0.0,0.0,1.0
515,23475.jpg,1.0,1.0,1.0
516,22596.jpg,1.0,1.0,0.0
517,20424.jpg,1.0,1.0,1.0
518,22227.jpg,1.0,0.0,1.0
519,20430.jpg,1.0,1.0,1.0
520,21706.jpg,1.0,1.0,1.0
521,21712.jpg,1.0,1.0,1.0
522,23104.jpg,1.0,1.0,1.0
523,22568.jpg,1.0,1.0,0.0
524,24119.jpg,1.0,0.0,0.0
525,20431.jpg,1.0,1.0,1.0
526,23886.jpg,0.0,0.0,1.0
527,24131.jpg,1.0,1.0,1.0
528,20425.jpg,1.0,1.0,1.0
529,20394.jpg,0.0,1.0,1.0
530,21505.jpg,1.0,1.0,1.0
531,21539.jpg,1.0,1.0,1.0
532,20828.jpg,1.0,1.0,1.0
533,22150.jpg,1.0,1.0,1.0
534,20960.jpg,1.0,1.0,1.0
535,24290.jpg,1.0,0.0,0.0
536,21897.jpg,1.0,0.0,1.0
537,21663.jpg,1.0,1.0,1.0
538,20555.jpg,1.0,1.0,1.0
539,23048.jpg,1.0,0.0,1.0
540,21461.jpg,1.0,1.0,0.0
541,20804.jpg,1.0,1.0,1.0
542,21298.jpg,1.0,1.0,1.0
543,20186.jpg,1.0,0.0,1.0
544,21501.jpg,1.0,1.0,1.0
545,23316.jpg,0.0,1.0,1.0
546,23464.jpg,0.0,1.0,1.0
547,20637.jpg,1.0,1.0,1.0
548,22587.jpg,1.0,1.0,1.0
549,20390.jpg,1.0,0.0,1.0
550,21703.jpg,0.0,1.0,1.0
551,21065.jpg,1.0,1.0,1.0
552,23100.jpg,1.0,1.0,1.0
553,21058.jpg,0.0,1.0,0.0
554,24120.jpg,1.0,1.0,0.0
555,22586.jpg,1.0,1.0,1.0
556,23854.jpg,0.0,1.0,0.0
557,22021.jpg,1.0,1.0,1.0
558,23459.jpg,1.0,0.0,1.0
559,24322.jpg,1.0,1.0,1.0
560,23317.jpg,1.0,1.0,1.0
561,22784.jpg,1.0,0.0,1.0
562,20805.jpg,1.0,1.0,1.0
563,22633.jpg,1.0,1.0,1.0
564,23505.jpg,1.0,0.0,1.0
565,22357.jpg,1.0,1.0,1.0
566,21104.jpg,1.0,1.0,0.0
567,24083.jpg,1.0,1.0,0.0
568,21689.jpg,1.0,1.0,1.0
569,20597.jpg,1.0,1.0,1.0
570,23908.jpg,1.0,0.0,1.0
571,20581.jpg,1.0,1.0,1.0
572,22369.jpg,0.0,1.0,1.0
573,20218.jpg,1.0,0.0,1.0
574,21648.jpg,1.0,1.0,1.0
575,22341.jpg,1.0,1.0,1.0
576,22619.jpg,1.0,1.0,1.0
577,21516.jpg,1.0,0.0,1.0
578,23315.jpg,1.0,1.0,1.0
579,23329.jpg,1.0,1.0,0.0
580,24320.jpg,0.0,1.0,1.0
581,22989.jpg,1.0,1.0,1.0
582,21099.jpg,0.0,1.0,1.0
583,21066.jpg,1.0,1.0,1.0
584,20436.jpg,1.0,1.0,1.0
585,20350.jpg,0.0,1.0,1.0
586,20344.jpg,1.0,1.0,0.0
587,22234.jpg,1.0,0.0,1.0
588,22208.jpg,1.0,1.0,1.0
589,20635.jpg,1.0,1.0,1.0
590,21271.jpg,1.0,1.0,1.0
591,22624.jpg,1.0,0.0,1.0
592,21339.jpg,1.0,1.0,1.0
593,23512.jpg,1.0,1.0,1.0
594,20966.jpg,1.0,1.0,0.0
595,20231.jpg,1.0,1.0,1.0
596,22426.jpg,1.0,1.0,1.0
597,22383.jpg,1.0,1.0,1.0
598,20580.jpg,0.0,1.0,1.0
599,22496.jpg,1.0,1.0,1.0
600,20524.jpg,1.0,1.0,1.0
601,21148.jpg,1.0,1.0,1.0
602,20083.jpg,1.0,1.0,1.0
603,22045.jpg,1.0,1.0,1.0
604,20646.jpg,1.0,0.0,1.0
605,22284.jpg,1.0,0.0,1.0
606,21955.jpg,1.0,0.0,1.0
607,23159.jpg,1.0,1.0,1.0
608,21772.jpg,1.0,1.0,0.0
609,24179.jpg,1.0,1.0,1.0
610,22534.jpg,1.0,1.0,1.0
611,22252.jpg,0.0,1.0,1.0
612,23825.jpg,0.0,1.0,1.0
613,21203.jpg,1.0,1.0,0.0
614,23366.jpg,1.0,1.0,1.0
615,22911.jpg,1.0,0.0,1.0
616,20874.jpg,1.0,1.0,1.0
617,20733.jpg,1.0,0.0,1.0
618,22642.jpg,1.0,1.0,0.0
619,20928.jpg,1.0,1.0,1.0
620,20096.jpg,1.0,1.0,1.0
621,23776.jpg,1.0,0.0,1.0
622,20294.jpg,1.0,1.0,1.0
623,23945.jpg,0.0,1.0,1.0
624,22442.jpg,1.0,1.0,1.0
625,20241.jpg,1.0,1.0,1.0
626,22330.jpg,0.0,1.0,0.0
627,23012.jpg,1.0,1.0,0.0
628,20094.jpg,1.0,1.0,1.0
629,20057.jpg,1.0,1.0,1.0
630,22132.jpg,1.0,1.0,1.0
631,20725.jpg,1.0,1.0,1.0
632,22907.jpg,1.0,0.0,1.0
633,21229.jpg,1.0,1.0,1.0
634,23833.jpg,1.0,1.0,1.0
635,23628.jpg,1.0,0.0,1.0
636,24153.jpg,1.0,0.0,0.0
637,21017.jpg,1.0,1.0,0.0
638,20309.jpg,1.0,1.0,1.0
639,21764.jpg,1.0,1.0,1.0
640,23365.jpg,1.0,1.0,1.0
641,23359.jpg,1.0,1.0,1.0
642,22735.jpg,1.0,1.0,1.0
643,22912.jpg,1.0,1.0,1.0
644,21599.jpg,1.0,1.0,1.0
645,21360.jpg,0.0,0.0,1.0
646,24224.jpg,1.0,1.0,0.0
647,22899.jpg,1.0,1.0,1.0
648,20730.jpg,1.0,1.0,1.0
649,20268.jpg,0.0,1.0,1.0
650,21827.jpg,1.0,1.0,1.0
651,21614.jpg,0.0,1.0,0.0
652,23003.jpg,1.0,1.0,1.0
653,20250.jpg,1.0,1.0,1.0
654,22447.jpg,1.0,1.0,1.0
655,20536.jpg,1.0,1.0,1.0
656,20898.jpg,0.0,1.0,1.0
657,23188.jpg,1.0,1.0,1.0
658,22296.jpg,1.0,0.0,1.0
659,22269.jpg,1.0,1.0,1.0
660,22255.jpg,1.0,1.0,1.0
661,23639.jpg,1.0,1.0,1.0
662,22240.jpg,1.0,1.0,1.0
663,23604.jpg,1.0,1.0,1.0
664,22650.jpg,1.0,1.0,0.0
665,20709.jpg,1.0,1.0,1.0
666,20245.jpg,1.0,1.0,1.0
667,24023.jpg,0.0,0.0,1.0
668,21601.jpg,1.0,1.0,1.0
669,21159.jpg,1.0,1.0,1.0
670,23982.jpg,1.0,1.0,1.0
671,20904.jpg,1.0,1.0,0.0
672,22691.jpg,1.0,1.0,1.0
673,21367.jpg,0.0,1.0,0.0
674,23564.jpg,0.0,1.0,1.0
675,22134.jpg,1.0,1.0,1.0
676,20723.jpg,1.0,1.0,1.0
677,24223.jpg,1.0,1.0,1.0
678,20858.jpg,1.0,1.0,1.0
679,23362.jpg,1.0,1.0,0.0
680,23404.jpg,1.0,0.0,1.0
681,20131.jpg,0.0,1.0,1.0
682,22295.jpg,1.0,1.0,1.0
683,21011.jpg,1.0,1.0,1.0
684,21763.jpg,1.0,1.0,1.0
685,23612.jpg,0.0,1.0,1.0
686,22256.jpg,1.0,1.0,1.0
687,20441.jpg,1.0,1.0,1.0
688,22257.jpg,1.0,1.0,0.0
689,22531.jpg,1.0,1.0,0.0
690,23175.jpg,1.0,1.0,1.0
691,21945.jpg,1.0,1.0,1.0
692,24197.jpg,1.0,1.0,1.0
693,21789.jpg,1.0,1.0,0.0
694,23405.jpg,1.0,1.0,1.0
695,23388.jpg,1.0,1.0,1.0
696,20078.jpg,0.0,1.0,1.0
697,21399.jpg,1.0,1.0,0.0
698,22860.jpg,1.0,1.0,1.0
699,21158.jpg,1.0,0.0,1.0
700,20246.jpg,1.0,0.0,0.0
701,23997.jpg,1.0,1.0,1.0
702,22486.jpg,1.0,1.0,1.0
703,21182.jpg,1.0,1.0,1.0
704,22448.jpg,1.0,0.0,1.0
705,21141.jpg,1.0,1.0,1.0
706,22676.jpg,1.0,1.0,1.0
707,20061.jpg,1.0,1.0,0.0
708,22110.jpg,1.0,0.0,0.0
709,23554.jpg,1.0,1.0,1.0
710,23385.jpg,1.0,0.0,1.0
711,22702.jpg,1.0,1.0,0.0
712,23420.jpg,0.0,1.0,1.0
713,22058.jpg,1.0,1.0,1.0
714,21948.jpg,1.0,1.0,0.0
715,23193.jpg,1.0,0.0,1.0
716,22266.jpg,1.0,1.0,1.0
717,20465.jpg,0.0,1.0,1.0
718,23144.jpg,1.0,1.0,1.0
719,23179.jpg,1.0,1.0,1.0
720,22267.jpg,0.0,1.0,0.0
721,23435.jpg,1.0,1.0,1.0
722,23421.jpg,1.0,1.0,0.0
723,20896.jpg,0.0,1.0,1.0
724,20666.jpg,1.0,1.0,0.0
725,23409.jpg,1.0,1.0,1.0
726,22717.jpg,1.0,1.0,1.0
727,23555.jpg,1.0,1.0,1.0
728,20074.jpg,1.0,1.0,1.0
729,20060.jpg,1.0,1.0,1.0
730,23757.jpg,1.0,1.0,1.0
731,24010.jpg,1.0,1.0,1.0
732,20504.jpg,1.0,1.0,1.0
733,21801.jpg,1.0,0.0,1.0
734,21817.jpg,1.0,1.0,1.0
735,22339.jpg,1.0,1.0,1.0
736,21630.jpg,0.0,1.0,1.0
737,23741.jpg,1.0,1.0,1.0
738,23594.jpg,0.0,1.0,1.0
739,20710.jpg,1.0,1.0,1.0
740,23543.jpg,1.0,1.0,1.0
741,21426.jpg,1.0,1.0,1.0
742,22098.jpg,1.0,1.0,1.0
743,22073.jpg,1.0,0.0,1.0
744,21977.jpg,1.0,1.0,1.0
745,21793.jpg,0.0,1.0,1.0
746,23635.jpg,1.0,1.0,1.0
747,21779.jpg,1.0,1.0,0.0
748,21962.jpg,1.0,1.0,1.0
749,20895.jpg,1.0,1.0,0.0
750,21221.jpg,1.0,0.0,1.0
751,23542.jpg,1.0,1.0,1.0
752,21433.jpg,1.0,1.0,1.0
753,24205.jpg,1.0,1.0,1.0
754,20922.jpg,1.0,1.0,1.0
755,21631.jpg,1.0,0.0,1.0
756,22462.jpg,1.0,1.0,1.0
757,21621.jpg,1.0,1.0,1.0
758,24017.jpg,1.0,1.0,1.0
759,22843.jpg,1.0,1.0,1.0
760,21386.jpg,0.0,1.0,0.0
761,20926.jpg,0.0,1.0,1.0
762,23220.jpg,1.0,1.0,1.0
763,24229.jpg,1.0,1.0,1.0
764,20073.jpg,1.0,1.0,1.0
765,24215.jpg,0.0,1.0,1.0
766,21580.jpg,1.0,1.0,1.0
767,20846.jpg,0.0,1.0,1.0
768,22076.jpg,1.0,1.0,1.0
769,22710.jpg,0.0,1.0,1.0
770,20113.jpg,1.0,1.0,1.0
771,23143.jpg,1.0,0.0,0.0
772,21754.jpg,0.0,1.0,1.0
773,20648.jpg,1.0,1.0,1.0
774,23355.jpg,1.0,1.0,1.0
775,21581.jpg,0.0,1.0,1.0
776,22088.jpg,1.0,0.0,1.0
777,22671.jpg,1.0,1.0,1.0
778,22103.jpg,1.0,1.0,1.0
779,22665.jpg,1.0,1.0,1.0
780,21387.jpg,1.0,1.0,1.0
781,22856.jpg,1.0,1.0,1.0
782,23590.jpg,1.0,1.0,1.0
783,23584.jpg,1.0,1.0,0.0
784,22315.jpg,1.0,1.0,0.0
785,23989.jpg,0.0,1.0,1.0
786,23023.jpg,1.0,1.0,1.0
787,23009.jpg,1.0,1.0,1.0
788,22317.jpg,0.0,1.0,1.0
789,20064.jpg,1.0,1.0,1.0
790,21597.jpg,1.0,1.0,1.0
791,21554.jpg,0.0,1.0,1.0
792,21232.jpg,1.0,0.0,1.0
793,20460.jpg,0.0,1.0,1.0
794,24160.jpg,1.0,1.0,1.0
795,20449.jpg,1.0,1.0,1.0
796,23815.jpg,1.0,1.0,1.0
797,21970.jpg,1.0,1.0,1.0
798,20663.jpg,1.0,1.0,1.0
799,22706.jpg,1.0,1.0,1.0
800,21555.jpg,1.0,1.0,1.0
801,21233.jpg,1.0,1.0,1.0
802,20688.jpg,1.0,1.0,1.0
803,24203.jpg,0.0,1.0,0.0
804,23550.jpg,1.0,1.0,1.0
805,20918.jpg,0.0,1.0,1.0
806,20515.jpg,1.0,1.0,1.0
807,21151.jpg,0.0,1.0,1.0
808,23735.jpg,1.0,1.0,1.0
809,20228.jpg,1.0,1.0,1.0
810,21485.jpg,1.0,1.0,1.0
811,20764.jpg,1.0,0.0,1.0
812,24258.jpg,0.0,0.0,1.0
813,23325.jpg,0.0,1.0,1.0
814,23866.jpg,1.0,1.0,1.0
815,20374.jpg,1.0,1.0,1.0
816,21719.jpg,1.0,1.0,0.0
817,22210.jpg,1.0,1.0,1.0
818,22562.jpg,1.0,1.0,0.0
819,23683.jpg,1.0,1.0,1.0
820,21527.jpg,0.0,1.0,1.0
821,23442.jpg,1.0,1.0,0.0
822,20611.jpg,1.0,1.0,1.0
823,20177.jpg,1.0,1.0,1.0
824,22953.jpg,1.0,1.0,1.0
825,21296.jpg,1.0,1.0,1.0
826,20981.jpg,0.0,1.0,1.0
827,21309.jpg,0.0,1.0,1.0
828,24271.jpg,0.0,1.0,1.0
829,20771.jpg,1.0,1.0,1.0
830,23907.jpg,1.0,1.0,1.0
831,23087.jpg,1.0,1.0,1.0
832,20968.jpg,1.0,0.0,1.0
833,21445.jpg,1.0,1.0,0.0
834,22951.jpg,1.0,1.0,1.0
835,21294.jpg,1.0,1.0,1.0
836,22776.jpg,0.0,1.0,1.0
837,21243.jpg,1.0,1.0,1.0
838,21257.jpg,1.0,0.0,1.0
839,21041.jpg,1.0,0.0,1.0
840,21929.jpg,1.0,1.0,1.0
841,22987.jpg,1.0,0.0,1.0
842,20606.jpg,1.0,1.0,1.0
843,22978.jpg,1.0,1.0,1.0
844,20766.jpg,1.0,1.0,1.0
845,22171.jpg,1.0,1.0,1.0
846,20799.jpg,1.0,0.0,1.0
847,21646.jpg,1.0,1.0,1.0
848,24058.jpg,1.0,1.0,1.0
849,23737.jpg,1.0,1.0,1.0
850,22415.jpg,1.0,1.0,1.0
851,22388.jpg,1.0,1.0,1.0
852,21656.jpg,1.0,1.0,1.0
853,23041.jpg,1.0,1.0,1.0
854,23727.jpg,0.0,1.0,1.0
855,23733.jpg,1.0,1.0,1.0
856,23055.jpg,0.0,1.0,1.0
857,20574.jpg,1.0,1.0,1.0
858,20206.jpg,1.0,1.0,1.0
859,20776.jpg,1.0,1.0,1.0
860,22175.jpg,1.0,1.0,0.0
861,24262.jpg,0.0,1.0,1.0
862,21291.jpg,1.0,1.0,1.0
863,21905.jpg,1.0,1.0,1.0
864,23109.jpg,1.0,1.0,1.0
865,20366.jpg,1.0,1.0,1.0
866,22558.jpg,0.0,1.0,1.0
867,23652.jpg,1.0,1.0,1.0
868,22000.jpg,1.0,1.0,1.0
869,23322.jpg,1.0,0.0,1.0
870,22969.jpg,0.0,1.0,0.0
871,22941.jpg,1.0,1.0,0.0
872,20777.jpg,1.0,1.0,0.0
873,23295.jpg,0.0,0.0,1.0
874,22821.jpg,0.0,1.0,1.0
875,20788.jpg,0.0,1.0,0.0
876,21496.jpg,1.0,1.0,1.0
877,20207.jpg,0.0,1.0,1.0
878,22410.jpg,1.0,1.0,0.0
879,20549.jpg,1.0,0.0,1.0
880,23726.jpg,1.0,0.0,1.0
881,23097.jpg,1.0,1.0,1.0
882,21680.jpg,0.0,0.0,1.0
883,24063.jpg,1.0,1.0,1.0
884,22360.jpg,1.0,1.0,0.0
885,23297.jpg,0.0,1.0,1.0
886,21480.jpg,1.0,0.0,0.0
887,20952.jpg,1.0,1.0,1.0
888,21319.jpg,1.0,1.0,1.0
889,24275.jpg,1.0,1.0,1.0
890,20826.jpg,1.0,1.0,1.0
891,21286.jpg,1.0,1.0,0.0
892,23446.jpg,0.0,1.0,1.0
893,20629.jpg,1.0,1.0,1.0
894,20601.jpg,0.0,1.0,1.0
895,21279.jpg,1.0,1.0,0.0
896,23136.jpg,1.0,1.0,1.0
897,24103.jpg,1.0,0.0,1.0
898,23692.jpg,1.0,0.0,1.0
899,22598.jpg,1.0,1.0,1.0
900,22995.jpg,1.0,1.0,1.0
901,22759.jpg,1.0,1.0,1.0
902,20628.jpg,1.0,0.0,1.0
903,21293.jpg,1.0,1.0,1.0
904,22163.jpg,1.0,1.0,1.0
905,21318.jpg,1.0,0.0,0.0
906,20748.jpg,1.0,1.0,1.0
907,23527.jpg,1.0,1.0,1.0
908,23255.jpg,1.0,1.0,1.0
909,24062.jpg,0.0,1.0,0.0
910,21683.jpg,1.0,1.0,1.0
911,21842.jpg,0.0,1.0,1.0
912,21881.jpg,1.0,0.0,0.0
913,23714.jpg,1.0,1.0,1.0
914,23072.jpg,1.0,1.0,1.0
915,20745.jpg,1.0,1.0,1.0
916,21329.jpg,1.0,0.0,0.0
917,20751.jpg,1.0,1.0,0.0
918,24279.jpg,1.0,1.0,1.0
919,23516.jpg,1.0,1.0,1.0
920,21473.jpg,1.0,1.0,1.0
921,20802.jpg,1.0,0.0,1.0
922,20631.jpg,0.0,1.0,1.0
923,22026.jpg,0.0,1.0,0.0
924,22998.jpg,1.0,1.0,1.0
925,22754.jpg,1.0,1.0,1.0
926,22581.jpg,0.0,0.0,1.0
927,20355.jpg,1.0,1.0,1.0
928,24133.jpg,0.0,1.0,1.0
929,23884.jpg,1.0,1.0,1.0
930,20433.jpg,0.0,1.0,1.0
931,22556.jpg,0.0,1.0,0.0
932,21063.jpg,0.0,1.0,1.0
933,23661.jpg,1.0,1.0,1.0
934,22557.jpg,1.0,1.0,1.0
935,24126.jpg,1.0,1.0,1.0
936,20383.jpg,1.0,1.0,0.0
937,21512.jpg,1.0,0.0,1.0
938,21274.jpg,1.0,1.0,1.0
939,20142.jpg,1.0,1.0,1.0
940,20624.jpg,1.0,0.0,1.0
941,23339.jpg,1.0,1.0,1.0
942,21248.jpg,0.0,1.0,1.0
943,22782.jpg,1.0,1.0,1.0
944,20195.jpg,1.0,1.0,0.0
945,21314.jpg,1.0,0.0,1.0
946,21472.jpg,1.0,1.0,0.0
947,22609.jpg,0.0,1.0,1.0
948,22635.jpg,1.0,1.0,0.0
949,24244.jpg,1.0,1.0,1.0
950,20963.jpg,1.0,1.0,1.0
951,22184.jpg,1.0,1.0,1.0
952,22379.jpg,1.0,1.0,1.0
953,21102.jpg,1.0,1.0,1.0
954,23715.jpg,1.0,0.0,1.0
955,21664.jpg,1.0,1.0,1.0
956,23098.jpg,0.0,1.0,1.0
957,22390.jpg,1.0,1.0,1.0
958,22347.jpg,1.0,1.0,1.0
959,23703.jpg,1.0,1.0,1.0
960,20949.jpg,1.0,1.0,1.0
961,20746.jpg,1.0,1.0,1.0
962,21302.jpg,1.0,1.0,1.0
963,23515.jpg,1.0,1.0,1.0
964,21464.jpg,1.0,1.0,1.0
965,22964.jpg,1.0,1.0,1.0
966,20815.jpg,1.0,1.0,1.0
967,21060.jpg,1.0,0.0,1.0
968,23677.jpg,1.0,1.0,1.0
969,20418.jpg,0.0,1.0,1.0
970,23676.jpg,1.0,1.0,1.0
971,21049.jpg,1.0,1.0,1.0
972,21934.jpg,0.0,1.0,1.0
973,20380.jpg,1.0,1.0,1.0
974,22742.jpg,0.0,1.0,1.0
975,23448.jpg,0.0,1.0,1.0
976,22756.jpg,0.0,1.0,1.0
977,21288.jpg,0.0,0.0,1.0
978,21303.jpg,0.0,1.0,1.0
979,23272.jpg,0.0,1.0,1.0
980,22193.jpg,1.0,1.0,1.0
981,22187.jpg,1.0,1.0,1.0
982,20948.jpg,1.0,1.0,1.0
983,21129.jpg,1.0,1.0,1.0
984,21840.jpg,1.0,0.0,1.0
985,23909.jpg,1.0,1.0,1.0
986,24096.jpg,1.0,1.0,1.0
987,23060.jpg,1.0,0.0,1.0
988,23712.jpg,1.0,1.0,1.0
989,22424.jpg,1.0,1.0,1.0
990,20227.jpg,0.0,1.0,1.0
991,20541.jpg,1.0,1.0,1.0
992,22829.jpg,1.0,1.0,1.0
993,21475.jpg,0.0,1.0,1.0
994,21307.jpg,1.0,1.0,1.0
995,20757.jpg,1.0,1.0,1.0
996,20810.jpg,1.0,1.0,1.0
997,20179.jpg,0.0,1.0,1.0
998,24323.jpg,0.0,1.0,1.0
999,23869.jpg,1.0,1.0,0.0
1000,24109.jpg,1.0,1.0,0.0
1001,20409.jpg,0.0,1.0,0.0
1002,20421.jpg,1.0,1.0,1.0
1003,23883.jpg,1.0,1.0,1.0
1004,20352.jpg,1.0,1.0,1.0
1005,21064.jpg,0.0,1.0,1.0
1006,21266.jpg,1.0,1.0,1.0
1007,20187.jpg,1.0,1.0,1.0
1008,22974.jpg,0.0,1.0,1.0
1009,20742.jpg,1.0,1.0,1.0
1010,24242.jpg,1.0,0.0,0.0
1011,22182.jpg,0.0,1.0,1.0
1012,20965.jpg,1.0,1.0,1.0
1013,22800.jpg,0.0,1.0,0.0
1014,20540.jpg,0.0,1.0,1.0
1015,21676.jpg,1.0,1.0,1.0
1016,23920.jpg,1.0,1.0,1.0
1017,21879.jpg,1.0,1.0,1.0
1018,23739.jpg,1.0,1.0,0.0
1019,20230.jpg,1.0,1.0,1.0
1020,22180.jpg,1.0,1.0,1.0
1021,24297.jpg,1.0,1.0,1.0
1022,21304.jpg,1.0,1.0,1.0
1023,20998.jpg,0.0,1.0,1.0
1024,22143.jpg,0.0,1.0,1.0
1025,22625.jpg,0.0,1.0,1.0
1026,24334.jpg,1.0,1.0,1.0
1027,22037.jpg,1.0,0.0,1.0
1028,20387.jpg,1.0,1.0,1.0
1029,22553.jpg,1.0,1.0,1.0
1030,22235.jpg,1.0,0.0,1.0
1031,20345.jpg,1.0,1.0,1.0
1032,20423.jpg,1.0,1.0,1.0
1033,23658.jpg,1.0,1.0,1.0
1034,21701.jpg,1.0,0.0,1.0
1035,21098.jpg,1.0,1.0,1.0
1036,20386.jpg,0.0,1.0,1.0
1037,21926.jpg,1.0,1.0,0.0
1038,23843.jpg,0.0,1.0,1.0
1039,22036.jpg,0.0,1.0,1.0
1040,23328.jpg,1.0,1.0,1.0
1041,23314.jpg,1.0,1.0,1.0
1042,23260.jpg,0.0,1.0,1.0
1043,21463.jpg,1.0,1.0,1.0
1044,21488.jpg,0.0,0.0,1.0
1045,22817.jpg,0.0,1.0,1.0
1046,23738.jpg,1.0,1.0,1.0
1047,24057.jpg,1.0,1.0,0.0
1048,22340.jpg,1.0,1.0,1.0
1049,23710.jpg,1.0,1.0,0.0
1050,22694.jpg,1.0,1.0,1.0
1051,22864.jpg,0.0,1.0,0.0
1052,22657.jpg,1.0,1.0,1.0
1053,20726.jpg,1.0,1.0,1.0
1054,23398.jpg,0.0,1.0,1.0
1055,23367.jpg,1.0,1.0,1.0
1056,22079.jpg,1.0,1.0,0.0
1057,24193.jpg,1.0,1.0,1.0
1058,21799.jpg,1.0,1.0,1.0
1059,24150.jpg,1.0,1.0,1.0
1060,21982.jpg,1.0,1.0,1.0
1061,23603.jpg,1.0,1.0,1.0
1062,21000.jpg,1.0,0.0,1.0
1063,21766.jpg,1.0,1.0,0.0
1064,23164.jpg,1.0,1.0,0.0
1065,22520.jpg,1.0,1.0,1.0
1066,23819.jpg,1.0,0.0,0.0
1067,20486.jpg,1.0,1.0,1.0
1068,20109.jpg,1.0,1.0,1.0
1069,22078.jpg,1.0,1.0,1.0
1070,21559.jpg,1.0,1.0,1.0
1071,20860.jpg,1.0,1.0,1.0
1072,21411.jpg,1.0,1.0,1.0
1073,23548.jpg,1.0,1.0,0.0
1074,22130.jpg,1.0,1.0,1.0
1075,22859.jpg,1.0,1.0,0.0
1076,22681.jpg,1.0,1.0,1.0
1077,22695.jpg,1.0,1.0,1.0
1078,23762.jpg,1.0,0.0,1.0
1079,21149.jpg,1.0,1.0,1.0
1080,20243.jpg,1.0,0.0,0.0
1081,23951.jpg,0.0,1.0,1.0
1082,23748.jpg,1.0,1.0,1.0
1083,22318.jpg,0.0,1.0,0.0
1084,21605.jpg,1.0,1.0,1.0
1085,22683.jpg,0.0,1.0,1.0
1086,23589.jpg,1.0,1.0,1.0
1087,22091.jpg,1.0,1.0,0.0
1088,21215.jpg,1.0,1.0,1.0
1089,24190.jpg,1.0,1.0,1.0
1090,20490.jpg,1.0,1.0,0.0
1091,24147.jpg,1.0,1.0,1.0
1092,22536.jpg,1.0,1.0,1.0
1093,21995.jpg,0.0,0.0,0.0
1094,21771.jpg,0.0,1.0,1.0
1095,24152.jpg,1.0,1.0,0.0
1096,20446.jpg,1.0,1.0,1.0
1097,23629.jpg,0.0,1.0,1.0
1098,20491.jpg,1.0,1.0,1.0
1099,24185.jpg,0.0,1.0,1.0
1100,22090.jpg,0.0,1.0,0.0
1101,24218.jpg,1.0,1.0,1.0
1102,23563.jpg,1.0,1.0,1.0
1103,21412.jpg,1.0,1.0,0.0
1104,22133.jpg,1.0,1.0,1.0
1105,20917.jpg,1.0,1.0,1.0
1106,22696.jpg,1.0,1.0,0.0
1107,21610.jpg,1.0,1.0,0.0
1108,21176.jpg,1.0,0.0,0.0
1109,23952.jpg,1.0,1.0,1.0
1110,20287.jpg,1.0,1.0,1.0
1111,23956.jpg,1.0,1.0,1.0
1112,23771.jpg,1.0,1.0,1.0
1113,24022.jpg,1.0,1.0,1.0
1114,22876.jpg,1.0,1.0,0.0
1115,22123.jpg,1.0,1.0,0.0
1116,22137.jpg,1.0,1.0,1.0
1117,20720.jpg,1.0,1.0,1.0
1118,21210.jpg,1.0,1.0,1.0
1119,20668.jpg,1.0,1.0,1.0
1120,23361.jpg,1.0,1.0,0.0
1121,22043.jpg,1.0,1.0,1.0
1122,24181.jpg,0.0,0.0,1.0
1123,20495.jpg,0.0,0.0,1.0
1124,23822.jpg,0.0,1.0,1.0
1125,24195.jpg,1.0,0.0,1.0
1126,23177.jpg,1.0,0.0,1.0
1127,22241.jpg,1.0,1.0,1.0
1128,20457.jpg,1.0,1.0,1.0
1129,22254.jpg,1.0,1.0,1.0
1130,23189.jpg,0.0,1.0,1.0
1131,20480.jpg,1.0,0.0,1.0
1132,23348.jpg,0.0,1.0,1.0
1133,20872.jpg,1.0,1.0,1.0
1134,22687.jpg,1.0,1.0,0.0
1135,20906.jpg,0.0,1.0,1.0
1136,24037.jpg,1.0,1.0,1.0
1137,22320.jpg,1.0,1.0,1.0
1138,23016.jpg,1.0,1.0,1.0
1139,21615.jpg,1.0,1.0,1.0
1140,20292.jpg,1.0,1.0,1.0
1141,21824.jpg,1.0,0.0,0.0
1142,24021.jpg,0.0,0.0,1.0
1143,20253.jpg,0.0,1.0,1.0
1144,20910.jpg,1.0,1.0,0.0
1145,20092.jpg,1.0,1.0,1.0
1146,23570.jpg,1.0,1.0,1.0
1147,22915.jpg,0.0,1.0,0.0
1148,20680.jpg,1.0,1.0,1.0
1149,21575.jpg,1.0,1.0,1.0
1150,21213.jpg,0.0,1.0,1.0
1151,22068.jpg,1.0,1.0,1.0
1152,22054.jpg,1.0,0.0,1.0
1153,24196.jpg,0.0,1.0,0.0
1154,21950.jpg,1.0,1.0,0.0
1155,20482.jpg,1.0,1.0,1.0
1156,23606.jpg,0.0,1.0,1.0
1157,22518.jpg,1.0,1.0,1.0
1158,23174.jpg,1.0,1.0,1.0
1159,21986.jpg,0.0,1.0,0.0
1160,23149.jpg,1.0,1.0,1.0
1161,20326.jpg,1.0,0.0,1.0
1162,22525.jpg,1.0,1.0,0.0
1163,21762.jpg,1.0,1.0,0.0
1164,22294.jpg,1.0,1.0,0.0
1165,22727.jpg,1.0,1.0,1.0
1166,22647.jpg,1.0,1.0,1.0
1167,23565.jpg,1.0,1.0,1.0
1168,20087.jpg,1.0,1.0,0.0
1169,22451.jpg,0.0,0.0,1.0
1170,23001.jpg,1.0,1.0,1.0
1171,20508.jpg,1.0,1.0,0.0
1172,24008.jpg,1.0,0.0,1.0
1173,24011.jpg,1.0,1.0,0.0
1174,20539.jpg,1.0,1.0,1.0
1175,21155.jpg,1.0,1.0,1.0
1176,21633.jpg,0.0,1.0,1.0
1177,22851.jpg,1.0,1.0,0.0
1178,20713.jpg,1.0,1.0,1.0
1179,24213.jpg,1.0,1.0,1.0
1180,22886.jpg,1.0,1.0,1.0
1181,21357.jpg,1.0,1.0,0.0
1182,22919.jpg,1.0,1.0,1.0
1183,20868.jpg,1.0,1.0,1.0
1184,22925.jpg,1.0,0.0,0.0
1185,20854.jpg,1.0,1.0,0.0
1186,22070.jpg,1.0,1.0,1.0
1187,21551.jpg,1.0,1.0,0.0
1188,20317.jpg,0.0,0.0,1.0
1189,24171.jpg,1.0,1.0,0.0
1190,22500.jpg,1.0,1.0,1.0
1191,20303.jpg,0.0,1.0,1.0
1192,21035.jpg,1.0,1.0,1.0
1193,23636.jpg,1.0,1.0,1.0
1194,23150.jpg,1.0,1.0,1.0
1195,21747.jpg,0.0,1.0,0.0
1196,20458.jpg,1.0,1.0,1.0
1197,23151.jpg,1.0,0.0,1.0
1198,22273.jpg,1.0,0.0,0.0
1199,21008.jpg,1.0,1.0,1.0
1200,21949.jpg,1.0,1.0,1.0
1201,21961.jpg,1.0,1.0,1.0
1202,21544.jpg,1.0,0.0,1.0
1203,21222.jpg,1.0,1.0,0.0
1204,22071.jpg,1.0,1.0,1.0
1205,22924.jpg,1.0,1.0,1.0
1206,23541.jpg,1.0,1.0,1.0
1207,22887.jpg,1.0,1.0,0.0
1208,20712.jpg,1.0,1.0,1.0
1209,21418.jpg,0.0,1.0,1.0
1210,20706.jpg,1.0,1.0,1.0
1211,23596.jpg,1.0,1.0,1.0
1212,22850.jpg,1.0,1.0,0.0
1213,20921.jpg,1.0,1.0,1.0
1214,21168.jpg,0.0,1.0,1.0
1215,22475.jpg,1.0,1.0,1.0
1216,21183.jpg,1.0,1.0,1.0
1217,23964.jpg,0.0,1.0,1.0
1218,23027.jpg,1.0,1.0,0.0
1219,21156.jpg,1.0,1.0,1.0
1220,21383.jpg,1.0,1.0,1.0
1221,23219.jpg,1.0,1.0,1.0
1222,22891.jpg,1.0,1.0,1.0
1223,23392.jpg,0.0,1.0,1.0
1224,21546.jpg,1.0,1.0,1.0
1225,20658.jpg,0.0,1.0,1.0
1226,23812.jpg,1.0,1.0,1.0
1227,22265.jpg,1.0,0.0,1.0
1228,22259.jpg,1.0,1.0,1.0
1229,20329.jpg,1.0,1.0,1.0
1230,22258.jpg,1.0,0.0,1.0
1231,21751.jpg,1.0,1.0,1.0
1232,22502.jpg,1.0,1.0,1.0
1233,24173.jpg,0.0,1.0,0.0
1234,22264.jpg,1.0,1.0,1.0
1235,20467.jpg,1.0,1.0,0.0
1236,23608.jpg,1.0,1.0,1.0
1237,24167.jpg,1.0,1.0,1.0
1238,21553.jpg,1.0,1.0,1.0
1239,22927.jpg,1.0,1.0,1.0
1240,20842.jpg,1.0,1.0,1.0
1241,20739.jpg,1.0,1.0,1.0
1242,23230.jpg,0.0,1.0,1.0
1243,22890.jpg,1.0,1.0,1.0
1244,22112.jpg,0.0,1.0,1.0
1245,22660.jpg,0.0,1.0,0.0
1246,23026.jpg,0.0,1.0,1.0
1247,20249.jpg,1.0,1.0,1.0
1248,22310.jpg,1.0,1.0,1.0
1249,22304.jpg,1.0,1.0,1.0
1250,20275.jpg,1.0,1.0,1.0
1251,24013.jpg,1.0,1.0,1.0
1252,23783.jpg,1.0,1.0,1.0
1253,21816.jpg,1.0,1.0,1.0
1254,23977.jpg,1.0,1.0,0.0
1255,21153.jpg,1.0,1.0,1.0
1256,23744.jpg,0.0,1.0,0.0
1257,23988.jpg,1.0,1.0,1.0
1258,20517.jpg,1.0,1.0,1.0
1259,22857.jpg,1.0,1.0,1.0
1260,21437.jpg,1.0,1.0,1.0
1261,22670.jpg,1.0,1.0,1.0
1262,23383.jpg,1.0,1.0,1.0
1263,21543.jpg,0.0,1.0,1.0
1264,21231.jpg,0.0,1.0,1.0
1265,21027.jpg,1.0,0.0,1.0
1266,20477.jpg,1.0,0.0,1.0
1267,21768.jpg,1.0,1.0,1.0
1268,24176.jpg,1.0,1.0,0.0
1269,20310.jpg,0.0,1.0,1.0
1270,22513.jpg,1.0,0.0,1.0
1271,23157.jpg,1.0,1.0,1.0
1272,23816.jpg,1.0,0.0,1.0
1273,21967.jpg,1.0,1.0,1.0
1274,20489.jpg,1.0,1.0,1.0
1275,22705.jpg,1.0,1.0,1.0
1276,22063.jpg,1.0,1.0,1.0
1277,23427.jpg,1.0,1.0,0.0
1278,21230.jpg,1.0,1.0,0.0
1279,21556.jpg,1.0,1.0,0.0
1280,23433.jpg,0.0,0.0,1.0
1281,22936.jpg,1.0,1.0,0.0
1282,24200.jpg,1.0,1.0,0.0
1283,23221.jpg,1.0,0.0,1.0
1284,20933.jpg,1.0,1.0,1.0
1285,22842.jpg,1.0,1.0,1.0
1286,22473.jpg,1.0,1.0,1.0
1287,21146.jpg,0.0,1.0,1.0
1288,23962.jpg,1.0,1.0,1.0
1289,23792.jpg,0.0,1.0,1.0
1290,21811.jpg,0.0,0.0,1.0
1291,23753.jpg,1.0,1.0,0.0
1292,21144.jpg,1.0,1.0,0.0
1293,22459.jpg,0.0,1.0,1.0
1294,22465.jpg,0.0,1.0,0.0
1295,20272.jpg,1.0,1.0,1.0
1296,23223.jpg,0.0,1.0,1.0
1297,22667.jpg,1.0,1.0,1.0
1298,20851.jpg,0.0,1.0,1.0
1299,22934.jpg,1.0,1.0,1.0
1300,21583.jpg,1.0,1.0,1.0
1301,23431.jpg,1.0,1.0,0.0
1302,21024.jpg,1.0,1.0,1.0
1303,23169.jpg,1.0,1.0,1.0
1304,20307.jpg,1.0,1.0,1.0
1305,22510.jpg,1.0,1.0,1.0
1306,20475.jpg,0.0,1.0,1.0
1307,23154.jpg,0.0,1.0,1.0
1308,21025.jpg,1.0,1.0,1.0
1309,23801.jpg,1.0,1.0,0.0
1310,23829.jpg,1.0,1.0,1.0
1311,20111.jpg,1.0,1.0,1.0
1312,23418.jpg,1.0,1.0,0.0
1313,20887.jpg,1.0,1.0,0.0
1314,20844.jpg,0.0,0.0,1.0
1315,21596.jpg,0.0,1.0,1.0
1316,22666.jpg,1.0,1.0,1.0
1317,21409.jpg,1.0,1.0,1.0
1318,21353.jpg,1.0,1.0,0.0
1319,22882.jpg,1.0,1.0,1.0
1320,22896.jpg,0.0,1.0,1.0
1321,20059.jpg,1.0,1.0,1.0
1322,22869.jpg,0.0,0.0,1.0
1323,21390.jpg,1.0,1.0,1.0
1324,20924.jpg,1.0,1.0,1.0
1325,22855.jpg,1.0,1.0,1.0
1326,23593.jpg,1.0,1.0,0.0
1327,21804.jpg,1.0,1.0,0.0
1328,23785.jpg,0.0,1.0,1.0
1329,21186.jpg,1.0,1.0,1.0
1330,23906.jpg,0.0,0.0,1.0
1331,20566.jpg,1.0,1.0,0.0
1332,21136.jpg,1.0,0.0,1.0
1333,23292.jpg,1.0,1.0,1.0
1334,20770.jpg,1.0,1.0,1.0
1335,23537.jpg,1.0,0.0,1.0
1336,21452.jpg,1.0,1.0,1.0
1337,24310.jpg,1.0,1.0,1.0
1338,22775.jpg,1.0,1.0,1.0
1339,23443.jpg,1.0,0.0,1.0
1340,22991.jpg,1.0,1.0,1.0
1341,24112.jpg,0.0,1.0,1.0
1342,20406.jpg,1.0,1.0,1.0
1343,23899.jpg,1.0,1.0,1.0
1344,22239.jpg,1.0,1.0,1.0
1345,23655.jpg,1.0,1.0,1.0
1346,21042.jpg,0.0,1.0,0.0
1347,21043.jpg,1.0,1.0,1.0
1348,23898.jpg,1.0,0.0,0.0
1349,22576.jpg,0.0,1.0,1.0
1350,24113.jpg,1.0,1.0,1.0
1351,20413.jpg,0.0,1.0,1.0
1352,21269.jpg,1.0,1.0,0.0
1353,23481.jpg,1.0,1.0,1.0
1354,22358.jpg,1.0,1.0,1.0
1355,21651.jpg,1.0,0.0,1.0
1356,21123.jpg,1.0,1.0,1.0
1357,20567.jpg,1.0,1.0,1.0
1358,21686.jpg,1.0,1.0,1.0
1359,20598.jpg,1.0,1.0,1.0
1360,21874.jpg,0.0,1.0,1.0
1361,22399.jpg,1.0,1.0,1.0
1362,21684.jpg,1.0,0.0,0.0
1363,20571.jpg,1.0,1.0,1.0
1364,23044.jpg,0.0,1.0,1.0
1365,24267.jpg,1.0,1.0,1.0
1366,23497.jpg,1.0,1.0,0.0
1367,23871.jpg,1.0,1.0,1.0
1368,22212.jpg,1.0,1.0,1.0
1369,23656.jpg,0.0,1.0,1.0
1370,21727.jpg,1.0,1.0,1.0
1371,23131.jpg,1.0,1.0,1.0
1372,20362.jpg,1.0,1.0,1.0
1373,23870.jpg,1.0,1.0,1.0
1374,21524.jpg,1.0,1.0,1.0
1375,22005.jpg,1.0,1.0,1.0
1376,22011.jpg,0.0,1.0,1.0
1377,21518.jpg,1.0,1.0,1.0
1378,20821.jpg,1.0,0.0,1.0
1379,23535.jpg,0.0,1.0,1.0
1380,21450.jpg,1.0,1.0,1.0
1381,21336.jpg,0.0,1.0,1.0
1382,21478.jpg,1.0,1.0,1.0
1383,22603.jpg,0.0,1.0,1.0
1384,24299.jpg,1.0,1.0,1.0
1385,20202.jpg,0.0,1.0,0.0
1386,20570.jpg,1.0,1.0,1.0
1387,21861.jpg,1.0,0.0,1.0
1388,23910.jpg,1.0,1.0,1.0
1389,21859.jpg,1.0,1.0,1.0
1390,23096.jpg,1.0,1.0,1.0
1391,21865.jpg,1.0,1.0,1.0
1392,22405.jpg,1.0,1.0,1.0
1393,24060.jpg,1.0,1.0,1.0
1394,20560.jpg,1.0,0.0,1.0
1395,23294.jpg,1.0,1.0,1.0
1396,23257.jpg,1.0,1.0,1.0
1397,22161.jpg,1.0,1.0,0.0
1398,22954.jpg,1.0,1.0,0.0
1399,23492.jpg,1.0,1.0,0.0
1400,21246.jpg,1.0,1.0,1.0
1401,22029.jpg,0.0,1.0,1.0
1402,22983.jpg,1.0,1.0,1.0
1403,23445.jpg,0.0,1.0,0.0
1404,20164.jpg,1.0,0.0,1.0
1405,22015.jpg,1.0,1.0,0.0
1406,20616.jpg,1.0,1.0,1.0
1407,22767.jpg,1.0,1.0,1.0
1408,23848.jpg,1.0,1.0,1.0
1409,23684.jpg,1.0,1.0,0.0
1410,23653.jpg,1.0,1.0,1.0
1411,20372.jpg,1.0,1.0,0.0
1412,20414.jpg,1.0,1.0,1.0
1413,20373.jpg,1.0,0.0,1.0
1414,24115.jpg,1.0,0.0,1.0
1415,23108.jpg,1.0,1.0,1.0
1416,21092.jpg,1.0,1.0,1.0
1417,23478.jpg,1.0,1.0,1.0
1418,22766.jpg,1.0,1.0,0.0
1419,20603.jpg,0.0,0.0,1.0
1420,22982.jpg,1.0,1.0,1.0
1421,23450.jpg,1.0,1.0,1.0
1422,21290.jpg,1.0,1.0,1.0
1423,20763.jpg,1.0,1.0,1.0
1424,22606.jpg,1.0,1.0,1.0
1425,24277.jpg,1.0,1.0,0.0
1426,21469.jpg,0.0,1.0,1.0
1427,23256.jpg,0.0,1.0,1.0
1428,20950.jpg,1.0,1.0,1.0
1429,22362.jpg,0.0,1.0,1.0
1430,21657.jpg,1.0,1.0,1.0
1431,24049.jpg,1.0,1.0,1.0
1432,22438.jpg,0.0,1.0,1.0
1433,23929.jpg,0.0,1.0,1.0
1434,23903.jpg,1.0,1.0,1.0
1435,23724.jpg,1.0,0.0,1.0
1436,20211.jpg,1.0,1.0,1.0
1437,23718.jpg,1.0,1.0,1.0
1438,21669.jpg,0.0,1.0,0.0
1439,24249.jpg,1.0,1.0,1.0
1440,24261.jpg,1.0,1.0,1.0
1441,22943.jpg,0.0,1.0,1.0
1442,20198.jpg,1.0,1.0,1.0
1443,21537.jpg,1.0,1.0,1.0
1444,23320.jpg,1.0,0.0,1.0
1445,22994.jpg,0.0,1.0,1.0
1446,22764.jpg,0.0,1.0,1.0
1447,21090.jpg,1.0,1.0,1.0
1448,21906.jpg,1.0,0.0,1.0
1449,21053.jpg,1.0,0.0,1.0
1450,23888.jpg,1.0,0.0,1.0
1451,21907.jpg,0.0,1.0,1.0
1452,21278.jpg,1.0,1.0,1.0
1453,23447.jpg,1.0,1.0,0.0
1454,22942.jpg,1.0,1.0,1.0
1455,24248.jpg,1.0,1.0,1.0
1456,23282.jpg,1.0,1.0,1.0
1457,22822.jpg,1.0,1.0,1.0
1458,22836.jpg,0.0,1.0,1.0
1459,23296.jpg,0.0,1.0,1.0
1460,20210.jpg,1.0,1.0,0.0
1461,20576.jpg,1.0,1.0,1.0
1462,20204.jpg,1.0,1.0,1.0
1463,23902.jpg,1.0,1.0,1.0
1464,22387.jpg,1.0,1.0,1.0
1465,21856.jpg,0.0,1.0,1.0
1466,20221.jpg,1.0,1.0,1.0
1467,22378.jpg,0.0,1.0,0.0
1468,20209.jpg,1.0,0.0,1.0
1469,24292.jpg,1.0,1.0,1.0
1470,20962.jpg,1.0,1.0,1.0
1471,20194.jpg,0.0,1.0,1.0
1472,22967.jpg,1.0,1.0,1.0
1473,22032.jpg,1.0,1.0,1.0
1474,22230.jpg,0.0,1.0,1.0
1475,21077.jpg,1.0,1.0,1.0
1476,21062.jpg,1.0,1.0,1.0
1477,22231.jpg,1.0,1.0,1.0
1478,20432.jpg,1.0,1.0,1.0
1479,21260.jpg,0.0,0.0,1.0
1480,23271.jpg,1.0,1.0,0.0
1481,24250.jpg,1.0,1.0,1.0
1482,20988.jpg,1.0,1.0,1.0
1483,20750.jpg,1.0,1.0,1.0
1484,22153.jpg,1.0,1.0,1.0
1485,21499.jpg,1.0,1.0,1.0
1486,23073.jpg,1.0,1.0,1.0
1487,20234.jpg,1.0,1.0,0.0
1488,24052.jpg,1.0,0.0,1.0
1489,23729.jpg,1.0,1.0,0.0
1490,21658.jpg,1.0,1.0,1.0
1491,22351.jpg,1.0,1.0,1.0
1492,21857.jpg,0.0,0.0,1.0
1493,20591.jpg,1.0,1.0,1.0
1494,24085.jpg,1.0,1.0,1.0
1495,21896.jpg,1.0,1.0,1.0
1496,20222.jpg,1.0,1.0,1.0
1497,24078.jpg,1.0,1.0,1.0
1498,21100.jpg,1.0,1.0,1.0
1499,21458.jpg,1.0,1.0,1.0
1500,23273.jpg,1.0,1.0,1.0
1501,20183.jpg,0.0,1.0,0.0
1502,22970.jpg,0.0,1.0,1.0
1503,24332.jpg,1.0,0.0,1.0
1504,21504.jpg,0.0,1.0,1.0
1505,21510.jpg,0.0,1.0,1.0
1506,24124.jpg,1.0,1.0,1.0
1507,22233.jpg,0.0,1.0,1.0
1508,23139.jpg,1.0,1.0,1.0
1509,24118.jpg,1.0,1.0,1.0
1510,23111.jpg,1.0,1.0,1.0
1511,23138.jpg,1.0,1.0,1.0
1512,20357.jpg,1.0,1.0,1.0
1513,20343.jpg,1.0,1.0,1.0
1514,23892.jpg,1.0,1.0,1.0
1515,22232.jpg,1.0,1.0,1.0
1516,21908.jpg,1.0,1.0,1.0
1517,23845.jpg,1.0,1.0,1.0
1518,23689.jpg,1.0,1.0,0.0
1519,22597.jpg,0.0,1.0,1.0
1520,22024.jpg,0.0,1.0,0.0
1521,22965.jpg,1.0,0.0,1.0
1522,22971.jpg,1.0,1.0,0.0
1523,22839.jpg,1.0,1.0,1.0
1524,21101.jpg,1.0,0.0,1.0
1525,22408.jpg,0.0,1.0,1.0
1526,20586.jpg,1.0,1.0,1.0
1527,20592.jpg,1.0,1.0,1.0
1528,21688.jpg,1.0,1.0,1.0
1529,23935.jpg,1.0,1.0,1.0
1530,22356.jpg,1.0,1.0,1.0
1531,22801.jpg,1.0,1.0,1.0
1532,22183.jpg,1.0,1.0,1.0
1533,24280.jpg,1.0,1.0,1.0
1534,23510.jpg,1.0,1.0,1.0
1535,22632.jpg,1.0,0.0,1.0
1536,20838.jpg,0.0,1.0,1.0
1537,22593.jpg,1.0,1.0,0.0
1538,20353.jpg,1.0,1.0,1.0
1539,24135.jpg,1.0,1.0,1.0
1540,22223.jpg,1.0,1.0,1.0
1541,20346.jpg,1.0,0.0,1.0
1542,20408.jpg,1.0,1.0,1.0
1543,22035.jpg,1.0,0.0,1.0
1544,21514.jpg,1.0,1.0,1.0
1545,20178.jpg,1.0,1.0,1.0
1546,23471.jpg,0.0,0.0,1.0
1547,23263.jpg,1.0,1.0,0.0
1548,22196.jpg,1.0,1.0,0.0
1549,24040.jpg,1.0,1.0,1.0
1550,21892.jpg,1.0,1.0,0.0
1551,22425.jpg,1.0,1.0,0.0
1552,23075.jpg,0.0,1.0,1.0
1553,23707.jpg,1.0,1.0,1.0
1554,22380.jpg,0.0,1.0,1.0
1555,24097.jpg,0.0,1.0,1.0
1556,24095.jpg,1.0,1.0,1.0
1557,21853.jpg,0.0,0.0,1.0
1558,21674.jpg,1.0,1.0,1.0
1559,24268.jpg,1.0,1.0,1.0
1560,22631.jpg,1.0,1.0,1.0
1561,20813.jpg,0.0,1.0,0.0
1562,20807.jpg,0.0,1.0,0.0
1563,22976.jpg,1.0,1.0,0.0
1564,20191.jpg,0.0,1.0,1.0
1565,22786.jpg,1.0,0.0,1.0
1566,22779.jpg,1.0,1.0,1.0
1567,23301.jpg,0.0,1.0,1.0
1568,20152.jpg,0.0,1.0,1.0
1569,23102.jpg,1.0,1.0,1.0
1570,20621.jpg,1.0,1.0,1.0
1571,22988.jpg,1.0,1.0,1.0
1572,21503.jpg,1.0,0.0,0.0
1573,22778.jpg,0.0,0.0,1.0
1574,20184.jpg,1.0,1.0,1.0
1575,20806.jpg,0.0,0.0,0.0
1576,20812.jpg,1.0,1.0,1.0
1577,22156.jpg,0.0,0.0,1.0
1578,24269.jpg,1.0,1.0,1.0
1579,21305.jpg,0.0,1.0,1.0
1580,20972.jpg,1.0,1.0,1.0
1581,22368.jpg,1.0,0.0,0.0
1582,23076.jpg,1.0,1.0,1.0
1583,21107.jpg,1.0,0.0,1.0
1584,23937.jpg,1.0,1.0,1.0
1585,23950.jpg,1.0,1.0,1.0
1586,24024.jpg,1.0,1.0,1.0
1587,21174.jpg,1.0,1.0,1.0
1588,23005.jpg,1.0,1.0,1.0
1589,22870.jpg,1.0,0.0,0.0
1590,20915.jpg,1.0,1.0,1.0
1591,22119.jpg,1.0,0.0,1.0
1592,21410.jpg,0.0,1.0,1.0
1593,22938.jpg,1.0,1.0,1.0
1594,20652.jpg,1.0,1.0,1.0
1595,22737.jpg,1.0,1.0,0.0
1596,21564.jpg,1.0,1.0,1.0
1597,20493.jpg,1.0,1.0,1.0
1598,21941.jpg,1.0,1.0,1.0
1599,20487.jpg,0.0,1.0,1.0
1600,20336.jpg,0.0,1.0,0.0
1601,23616.jpg,1.0,0.0,1.0
1602,20337.jpg,1.0,1.0,1.0
1603,22291.jpg,0.0,0.0,1.0
1604,22722.jpg,1.0,1.0,1.0
1605,20653.jpg,0.0,0.0,1.0
1606,20069.jpg,0.0,1.0,1.0
1607,23574.jpg,1.0,1.0,1.0
1608,22656.jpg,1.0,1.0,1.0
1609,21175.jpg,1.0,1.0,1.0
1610,24019.jpg,1.0,1.0,1.0
1611,22481.jpg,1.0,1.0,1.0
1612,20296.jpg,1.0,1.0,1.0
1613,22495.jpg,1.0,1.0,1.0
1614,20527.jpg,1.0,1.0,1.0
1615,21611.jpg,1.0,1.0,1.0
1616,20080.jpg,1.0,1.0,1.0
1617,24231.jpg,1.0,0.0,1.0
1618,22898.jpg,1.0,1.0,1.0
1619,22640.jpg,1.0,1.0,1.0
1620,22654.jpg,1.0,1.0,1.0
1621,20719.jpg,1.0,1.0,0.0
1622,22668.jpg,0.0,1.0,1.0
1623,20137.jpg,1.0,1.0,1.0
1624,22708.jpg,1.0,1.0,1.0
1625,21573.jpg,0.0,1.0,1.0
1626,20484.jpg,1.0,1.0,0.0
1627,20335.jpg,1.0,1.0,1.0
1628,21572.jpg,1.0,1.0,1.0
1629,23417.jpg,0.0,1.0,1.0
1630,21200.jpg,1.0,0.0,0.0
1631,20888.jpg,1.0,0.0,1.0
1632,20863.jpg,1.0,1.0,1.0
1633,23211.jpg,1.0,1.0,1.0
1634,22669.jpg,0.0,1.0,1.0
1635,23577.jpg,1.0,1.0,0.0
1636,24230.jpg,1.0,0.0,1.0
1637,20903.jpg,1.0,1.0,1.0
1638,23588.jpg,0.0,1.0,1.0
1639,24026.jpg,0.0,1.0,1.0
1640,23749.jpg,0.0,1.0,1.0
1641,22457.jpg,1.0,0.0,1.0
1642,20297.jpg,1.0,1.0,0.0
1643,20293.jpg,0.0,1.0,1.0
1644,22453.jpg,1.0,1.0,1.0
1645,23995.jpg,1.0,1.0,1.0
1646,20907.jpg,1.0,1.0,1.0
1647,22686.jpg,1.0,0.0,0.0
1648,23573.jpg,1.0,1.0,1.0
1649,23215.jpg,1.0,0.0,1.0
1650,20734.jpg,1.0,0.0,0.0
1651,22645.jpg,1.0,1.0,1.0
1652,20683.jpg,1.0,0.0,1.0
1653,23375.jpg,1.0,1.0,1.0
1654,23349.jpg,1.0,1.0,1.0
1655,22057.jpg,1.0,0.0,1.0
1656,20126.jpg,1.0,1.0,1.0
1657,22725.jpg,0.0,1.0,0.0
1658,23611.jpg,1.0,1.0,1.0
1659,20318.jpg,0.0,1.0,1.0
1660,23163.jpg,1.0,0.0,0.0
1661,22527.jpg,1.0,1.0,1.0
1662,21749.jpg,1.0,1.0,1.0
1663,20331.jpg,1.0,0.0,1.0
1664,21985.jpg,1.0,0.0,1.0
1665,21007.jpg,1.0,1.0,1.0
1666,22283.jpg,1.0,1.0,1.0
1667,20899.jpg,1.0,1.0,1.0
1668,20127.jpg,1.0,1.0,1.0
1669,22903.jpg,0.0,1.0,1.0
1670,24221.jpg,1.0,1.0,1.0
1671,21359.jpg,1.0,1.0,1.0
1672,23228.jpg,1.0,1.0,1.0
1673,22644.jpg,1.0,1.0,1.0
1674,20084.jpg,1.0,1.0,1.0
1675,20090.jpg,0.0,0.0,1.0
1676,22877.jpg,0.0,1.0,1.0
1677,22452.jpg,1.0,1.0,1.0
1678,23758.jpg,1.0,1.0,1.0
1679,20537.jpg,1.0,1.0,1.0
1680,21167.jpg,1.0,1.0,1.0
1681,20286.jpg,1.0,1.0,1.0
1682,23943.jpg,1.0,1.0,1.0
1683,23014.jpg,1.0,1.0,0.0
1684,21617.jpg,0.0,1.0,1.0
1685,24009.jpg,1.0,1.0,1.0
1686,23766.jpg,1.0,1.0,1.0
1687,22450.jpg,1.0,1.0,1.0
1688,22322.jpg,1.0,0.0,1.0
1689,20535.jpg,1.0,1.0,1.0
1690,21401.jpg,1.0,1.0,1.0
1691,20079.jpg,1.0,1.0,0.0
1692,22652.jpg,1.0,1.0,1.0
1693,20737.jpg,1.0,1.0,0.0
1694,22120.jpg,1.0,1.0,1.0
1695,20864.jpg,1.0,1.0,1.0
1696,22097.jpg,1.0,1.0,1.0
1697,23389.jpg,1.0,1.0,1.0
1698,23821.jpg,1.0,1.0,1.0
1699,23835.jpg,1.0,1.0,1.0
1700,24141.jpg,1.0,1.0,1.0
1701,20440.jpg,1.0,1.0,1.0
1702,20332.jpg,1.0,1.0,1.0
1703,20454.jpg,1.0,0.0,1.0
1704,21776.jpg,1.0,1.0,0.0
1705,20642.jpg,1.0,0.0,1.0
1706,23411.jpg,1.0,1.0,1.0
1707,21560.jpg,1.0,1.0,1.0
1708,22082.jpg,1.0,1.0,1.0
1709,22900.jpg,1.0,0.0,0.0
1710,22109.jpg,1.0,1.0,1.0
1711,21400.jpg,1.0,1.0,0.0
1712,21170.jpg,1.0,1.0,1.0
1713,23773.jpg,1.0,1.0,1.0
1714,23968.jpg,1.0,1.0,1.0
1715,21800.jpg,1.0,1.0,1.0
1716,23795.jpg,1.0,1.0,1.0
1717,23781.jpg,1.0,1.0,1.0
1718,22460.jpg,1.0,1.0,1.0
1719,22879.jpg,1.0,0.0,1.0
1720,22689.jpg,1.0,1.0,1.0
1721,21380.jpg,1.0,1.0,1.0
1722,20934.jpg,1.0,0.0,1.0
1723,21419.jpg,0.0,1.0,1.0
1724,20075.jpg,0.0,1.0,1.0
1725,22064.jpg,0.0,1.0,1.0
1726,23346.jpg,1.0,0.0,0.0
1727,20897.jpg,0.0,1.0,1.0
1728,24159.jpg,1.0,0.0,1.0
1729,20459.jpg,1.0,1.0,1.0
1730,23637.jpg,1.0,0.0,0.0
1731,21034.jpg,0.0,0.0,0.0
1732,20464.jpg,1.0,1.0,1.0
1733,23186.jpg,1.0,1.0,1.0
1734,23810.jpg,1.0,1.0,1.0
1735,23390.jpg,1.0,1.0,1.0
1736,21593.jpg,1.0,1.0,1.0
1737,23227.jpg,1.0,0.0,0.0
1738,22139.jpg,1.0,1.0,0.0
1739,23233.jpg,1.0,1.0,1.0
1740,24212.jpg,1.0,1.0,1.0
1741,22677.jpg,1.0,1.0,1.0
1742,20935.jpg,1.0,0.0,1.0
1743,21381.jpg,0.0,1.0,1.0
1744,21154.jpg,1.0,1.0,1.0
1745,22461.jpg,1.0,1.0,1.0
1746,23958.jpg,1.0,1.0,0.0
1747,23796.jpg,1.0,1.0,1.0
1748,22311.jpg,1.0,1.0,1.0
1749,21142.jpg,1.0,0.0,1.0
1750,23033.jpg,1.0,0.0,0.0
1751,20937.jpg,1.0,1.0,1.0
1752,21354.jpg,0.0,1.0,1.0
1753,21432.jpg,1.0,0.0,0.0
1754,23225.jpg,1.0,1.0,1.0
1755,23557.jpg,1.0,1.0,0.0
1756,20843.jpg,1.0,1.0,1.0
1757,20670.jpg,1.0,1.0,1.0
1758,21220.jpg,0.0,1.0,1.0
1759,24199.jpg,1.0,1.0,1.0
1760,24172.jpg,0.0,1.0,1.0
1761,21744.jpg,1.0,1.0,1.0
1762,21989.jpg,1.0,1.0,1.0
1763,21745.jpg,1.0,1.0,0.0
1764,21792.jpg,1.0,1.0,1.0
1765,23191.jpg,1.0,1.0,1.0
1766,20498.jpg,1.0,1.0,1.0
1767,21547.jpg,1.0,1.0,1.0
1768,20665.jpg,1.0,1.0,1.0
1769,22099.jpg,1.0,0.0,1.0
1770,22933.jpg,0.0,1.0,0.0
1771,21427.jpg,1.0,1.0,1.0
1772,21355.jpg,1.0,1.0,1.0
1773,20705.jpg,0.0,1.0,1.0
1774,20088.jpg,1.0,1.0,1.0
1775,21143.jpg,1.0,1.0,1.0
1776,22476.jpg,1.0,1.0,1.0
1777,23973.jpg,1.0,1.0,0.0
1778,23967.jpg,1.0,1.0,1.0
1779,23793.jpg,0.0,1.0,1.0
1780,20259.jpg,0.0,1.0,1.0
1781,22314.jpg,1.0,1.0,1.0
1782,23234.jpg,0.0,0.0,1.0
1783,21423.jpg,1.0,0.0,1.0
1784,20067.jpg,1.0,1.0,0.0
1785,23208.jpg,1.0,1.0,1.0
1786,21225.jpg,0.0,0.0,0.0
1787,23195.jpg,1.0,1.0,1.0
1788,22506.jpg,0.0,1.0,1.0
1789,22249.jpg,1.0,1.0,1.0
1790,20884.jpg,1.0,1.0,1.0
1791,20066.jpg,1.0,1.0,1.0
1792,22895.jpg,0.0,1.0,1.0
1793,21350.jpg,1.0,1.0,1.0
1794,23547.jpg,0.0,1.0,1.0
1795,20270.jpg,1.0,1.0,1.0
1796,23779.jpg,1.0,1.0,1.0
1797,22301.jpg,1.0,1.0,1.0
1798,20516.jpg,1.0,1.0,0.0
1799,22329.jpg,1.0,1.0,1.0
1800,21620.jpg,0.0,1.0,1.0
1801,23745.jpg,1.0,1.0,1.0
1802,21152.jpg,1.0,1.0,1.0
1803,21634.jpg,1.0,1.0,1.0
1804,21185.jpg,1.0,1.0,1.0
1805,23948.jpg,1.0,1.0,1.0
1806,20266.jpg,1.0,1.0,1.0
1807,23586.jpg,1.0,1.0,1.0
1808,20931.jpg,1.0,1.0,1.0
1809,21434.jpg,1.0,1.0,1.0
1810,22115.jpg,1.0,1.0,1.0
1811,22673.jpg,0.0,1.0,1.0
1812,20070.jpg,1.0,1.0,1.0
1813,20892.jpg,1.0,1.0,1.0
1814,23182.jpg,1.0,1.0,1.0
1815,21959.jpg,1.0,0.0,1.0
1816,23814.jpg,1.0,1.0,1.0
1817,23155.jpg,1.0,1.0,1.0
1818,23633.jpg,1.0,1.0,1.0
1819,20474.jpg,1.0,1.0,0.0
1820,24161.jpg,1.0,0.0,1.0
1821,24175.jpg,0.0,0.0,1.0
1822,21743.jpg,1.0,1.0,0.0
1823,24149.jpg,0.0,1.0,1.0
1824,21780.jpg,1.0,1.0,1.0
1825,23183.jpg,0.0,1.0,1.0
1826,20677.jpg,1.0,1.0,0.0
1827,22935.jpg,0.0,1.0,1.0
1828,21435.jpg,1.0,1.0,1.0
1829,21347.jpg,1.0,1.0,0.0
1830,22464.jpg,0.0,1.0,1.0
1831,22470.jpg,1.0,1.0,1.0
1832,22316.jpg,1.0,1.0,1.0
1833,23008.jpg,1.0,1.0,1.0
1834,24029.jpg,1.0,0.0,0.0
1835,22458.jpg,1.0,1.0,1.0
1836,21810.jpg,0.0,1.0,1.0
1837,23961.jpg,1.0,0.0,1.0
1838,22417.jpg,1.0,0.0,1.0
1839,21678.jpg,0.0,1.0,0.0
1840,20572.jpg,1.0,1.0,1.0
1841,23721.jpg,1.0,1.0,0.0
1842,22826.jpg,1.0,1.0,0.0
1843,23286.jpg,1.0,1.0,0.0
1844,22198.jpg,1.0,0.0,1.0
1845,24270.jpg,1.0,0.0,1.0
1846,20994.jpg,1.0,1.0,1.0
1847,22952.jpg,1.0,0.0,0.0
1848,23319.jpg,1.0,1.0,1.0
1849,20162.jpg,0.0,1.0,1.0
1850,21526.jpg,1.0,1.0,1.0
1851,21081.jpg,1.0,1.0,1.0
1852,22563.jpg,0.0,1.0,0.0
1853,24106.jpg,1.0,0.0,1.0
1854,23669.jpg,1.0,1.0,1.0
1855,22577.jpg,1.0,0.0,1.0
1856,20348.jpg,0.0,1.0,1.0
1857,23127.jpg,1.0,0.0,1.0
1858,21724.jpg,1.0,1.0,0.0
1859,23133.jpg,1.0,1.0,1.0
1860,21731.jpg,1.0,1.0,1.0
1861,23668.jpg,0.0,1.0,1.0
1862,22204.jpg,1.0,1.0,1.0
1863,21241.jpg,1.0,1.0,1.0
1864,20163.jpg,1.0,1.0,1.0
1865,22760.jpg,0.0,1.0,1.0
1866,20995.jpg,1.0,0.0,1.0
1867,21447.jpg,1.0,1.0,1.0
1868,22166.jpg,1.0,1.0,1.0
1869,20765.jpg,0.0,1.0,1.0
1870,24265.jpg,1.0,1.0,1.0
1871,21137.jpg,1.0,1.0,1.0
1872,23052.jpg,1.0,1.0,1.0
1873,22370.jpg,1.0,1.0,1.0
1874,22366.jpg,0.0,1.0,1.0
1875,22372.jpg,1.0,1.0,0.0
1876,21135.jpg,1.0,1.0,1.0
1877,21653.jpg,1.0,0.0,1.0
1878,22428.jpg,1.0,1.0,1.0
1879,20798.jpg,1.0,1.0,1.0
1880,21479.jpg,1.0,0.0,1.0
1881,20808.jpg,1.0,1.0,0.0
1882,20161.jpg,1.0,0.0,1.0
1883,23454.jpg,1.0,0.0,0.0
1884,22986.jpg,1.0,1.0,1.0
1885,23859.jpg,0.0,1.0,1.0
1886,20388.jpg,1.0,1.0,1.0
1887,20405.jpg,1.0,1.0,1.0
1888,23118.jpg,1.0,0.0,1.0
1889,21069.jpg,0.0,1.0,1.0
1890,24139.jpg,0.0,0.0,0.0
1891,23642.jpg,1.0,1.0,1.0
1892,23643.jpg,0.0,0.0,1.0
1893,24138.jpg,1.0,1.0,1.0
1894,23455.jpg,1.0,1.0,1.0
1895,21242.jpg,1.0,1.0,1.0
1896,22777.jpg,1.0,1.0,0.0
1897,20835.jpg,1.0,1.0,0.0
1898,23253.jpg,1.0,1.0,0.0
1899,22830.jpg,1.0,0.0,1.0
1900,23290.jpg,1.0,1.0,1.0
1901,23284.jpg,1.0,1.0,1.0
1902,20558.jpg,0.0,1.0,1.0
1903,21120.jpg,1.0,1.0,1.0
1904,22373.jpg,1.0,1.0,0.0
1905,20564.jpg,1.0,1.0,1.0
1906,24070.jpg,1.0,1.0,1.0
1907,21108.jpg,1.0,1.0,1.0
1908,20216.jpg,1.0,1.0,1.0
1909,21454.jpg,0.0,0.0,1.0
1910,20819.jpg,1.0,1.0,1.0
1911,20158.jpg,0.0,1.0,0.0
1912,23337.jpg,1.0,1.0,1.0
1913,20602.jpg,1.0,1.0,1.0
1914,22001.jpg,0.0,1.0,1.0
1915,23860.jpg,1.0,1.0,1.0
1916,21911.jpg,1.0,1.0,1.0
1917,21722.jpg,1.0,1.0,1.0
1918,21044.jpg,1.0,1.0,1.0
1919,22571.jpg,1.0,1.0,0.0
1920,22216.jpg,1.0,1.0,0.0
1921,24101.jpg,1.0,1.0,1.0
1922,20367.jpg,1.0,0.0,1.0
1923,21723.jpg,1.0,1.0,1.0
1924,21910.jpg,1.0,1.0,0.0
1925,21086.jpg,1.0,1.0,1.0
1926,24317.jpg,0.0,0.0,1.0
1927,23444.jpg,1.0,1.0,1.0
1928,20818.jpg,1.0,1.0,1.0
1929,23530.jpg,0.0,1.0,1.0
1930,20944.jpg,1.0,1.0,1.0
1931,23068.jpg,1.0,1.0,1.0
1932,20561.jpg,1.0,1.0,1.0
1933,21858.jpg,1.0,1.0,0.0
1934,21694.jpg,1.0,0.0,1.0
1935,21682.jpg,1.0,1.0,1.0
1936,21866.jpg,1.0,1.0,0.0
1937,21641.jpg,1.0,1.0,1.0
1938,22412.jpg,1.0,1.0,0.0
1939,22406.jpg,1.0,1.0,1.0
1940,24077.jpg,1.0,1.0,1.0
1941,22837.jpg,1.0,1.0,0.0
1942,21494.jpg,1.0,0.0,0.0
1943,22823.jpg,1.0,1.0,0.0
1944,24315.jpg,0.0,1.0,1.0
1945,20615.jpg,1.0,1.0,1.0
1946,23644.jpg,1.0,0.0,1.0
1947,20359.jpg,1.0,1.0,0.0
1948,21721.jpg,1.0,1.0,1.0
1949,22228.jpg,1.0,1.0,1.0
1950,20417.jpg,1.0,1.0,1.0
1951,22200.jpg,1.0,0.0,1.0
1952,20365.jpg,0.0,1.0,1.0
1953,20370.jpg,1.0,1.0,1.0
1954,23137.jpg,1.0,0.0,1.0
1955,21913.jpg,0.0,1.0,0.0
1956,22017.jpg,0.0,1.0,1.0
1957,24300.jpg,1.0,1.0,1.0
1958,21522.jpg,1.0,1.0,1.0
1959,21287.jpg,1.0,1.0,1.0
1960,23269.jpg,1.0,1.0,1.0
1961,20953.jpg,1.0,1.0,1.0
1962,22375.jpg,1.0,1.0,1.0
1963,21640.jpg,1.0,1.0,1.0
1964,20238.jpg,1.0,1.0,0.0
1965,20584.jpg,1.0,1.0,1.0
1966,20590.jpg,1.0,1.0,1.0
1967,22436.jpg,1.0,1.0,1.0
1968,21659.jpg,0.0,1.0,1.0
1969,21895.jpg,1.0,1.0,1.0
1970,21665.jpg,1.0,0.0,1.0
1971,22191.jpg,1.0,0.0,1.0
1972,21498.jpg,1.0,0.0,0.0
1973,24286.jpg,1.0,1.0,1.0
1974,20976.jpg,1.0,1.0,1.0
1975,24245.jpg,1.0,1.0,1.0
1976,22634.jpg,1.0,1.0,1.0
1977,23270.jpg,1.0,1.0,1.0
1978,21301.jpg,1.0,0.0,1.0
1979,22608.jpg,1.0,0.0,1.0
1980,22797.jpg,1.0,1.0,1.0
1981,20157.jpg,1.0,1.0,1.0
1982,22768.jpg,0.0,1.0,0.0
1983,24319.jpg,1.0,1.0,0.0
1984,20427.jpg,1.0,1.0,0.0
1985,24127.jpg,1.0,1.0,1.0
1986,21711.jpg,1.0,0.0,1.0
1987,21076.jpg,1.0,1.0,1.0
1988,20397.jpg,1.0,0.0,1.0
1989,22769.jpg,1.0,0.0,1.0
1990,22027.jpg,1.0,1.0,1.0
1991,22966.jpg,1.0,0.0,1.0
1992,20181.jpg,1.0,1.0,1.0
1993,21466.jpg,0.0,1.0,1.0
1994,24287.jpg,1.0,1.0,1.0
1995,24091.jpg,1.0,1.0,1.0
1996,20585.jpg,0.0,0.0,1.0
1997,23918.jpg,1.0,1.0,1.0
1998,21666.jpg,0.0,1.0,1.0
1999,24285.jpg,0.0,1.0,1.0
2000,22192.jpg,1.0,1.0,0.0
2001,22804.jpg,0.0,1.0,1.0
2002,20961.jpg,1.0,0.0,1.0
2003,22145.jpg,1.0,0.0,1.0
2004,24252.jpg,1.0,1.0,1.0
2005,22958.jpg,0.0,1.0,1.0
2006,22780.jpg,1.0,1.0,0.0
2007,20626.jpg,1.0,1.0,1.0
2008,20154.jpg,1.0,0.0,1.0
2009,21262.jpg,1.0,1.0,1.0
2010,21276.jpg,1.0,0.0,0.0
2011,23461.jpg,1.0,1.0,1.0
2012,21935.jpg,1.0,1.0,1.0
2013,21909.jpg,0.0,1.0,1.0
2014,20356.jpg,1.0,0.0,1.0
2015,22583.jpg,1.0,1.0,1.0
2016,23312.jpg,1.0,1.0,1.0
2017,20627.jpg,1.0,1.0,1.0
2018,22030.jpg,1.0,1.0,0.0
2019,22959.jpg,1.0,1.0,0.0
2020,23266.jpg,0.0,1.0,1.0
2021,22636.jpg,0.0,1.0,1.0
2022,24247.jpg,1.0,0.0,1.0
2023,22811.jpg,1.0,1.0,1.0
2024,20974.jpg,0.0,1.0,1.0
2025,24284.jpg,1.0,1.0,1.0
2026,23716.jpg,1.0,1.0,1.0
2027,23702.jpg,1.0,1.0,0.0
2028,21115.jpg,1.0,0.0,1.0
2029,20545.jpg,1.0,1.0,1.0
2030,22346.jpg,1.0,1.0,1.0
2031,22391.jpg,1.0,1.0,1.0
2032,21844.jpg,1.0,1.0,1.0
2033,21893.jpg,0.0,0.0,1.0
2034,24294.jpg,1.0,0.0,1.0
2035,21313.jpg,1.0,1.0,0.0
2036,23262.jpg,0.0,0.0,1.0
2037,23538.jpg,1.0,1.0,1.0
2038,22140.jpg,0.0,1.0,1.0
2039,23470.jpg,1.0,1.0,1.0
2040,22020.jpg,1.0,0.0,0.0
2041,23458.jpg,1.0,1.0,1.0
2042,23114.jpg,1.0,0.0,1.0
2043,21717.jpg,0.0,1.0,1.0
2044,23896.jpg,0.0,1.0,1.0
2045,21059.jpg,1.0,1.0,1.0
2046,22222.jpg,1.0,1.0,1.0
2047,20435.jpg,1.0,0.0,1.0
2048,22592.jpg,1.0,1.0,1.0
2049,23868.jpg,1.0,0.0,1.0
2050,20144.jpg,1.0,1.0,1.0
2051,22009.jpg,1.0,1.0,1.0
2052,22790.jpg,0.0,1.0,1.0
2053,22960.jpg,0.0,1.0,1.0
2054,21448.jpg,0.0,0.0,1.0
2055,22141.jpg,1.0,1.0,1.0
2056,23277.jpg,1.0,1.0,0.0
2057,23511.jpg,1.0,1.0,1.0
2058,20781.jpg,1.0,1.0,1.0
2059,20959.jpg,1.0,1.0,0.0
2060,20971.jpg,1.0,1.0,0.0
2061,22431.jpg,1.0,1.0,1.0
2062,20226.jpg,1.0,1.0,1.0
2063,22343.jpg,1.0,1.0,1.0
2064,20554.jpg,1.0,1.0,0.0
2065,20232.jpg,1.0,1.0,1.0
2066,22394.jpg,1.0,1.0,1.0
2067,21851.jpg,0.0,0.0,1.0
2068,23936.jpg,1.0,1.0,0.0
2069,22382.jpg,1.0,1.0,1.0
2070,21660.jpg,1.0,1.0,1.0
2071,23711.jpg,1.0,0.0,0.0
2072,24056.jpg,1.0,1.0,1.0
2073,24283.jpg,0.0,1.0,1.0
2074,20783.jpg,0.0,1.0,1.0
2075,22157.jpg,1.0,0.0,1.0
2076,20608.jpg,1.0,1.0,1.0
2077,23103.jpg,1.0,0.0,1.0
2078,20378.jpg,1.0,1.0,1.0
2079,22209.jpg,1.0,1.0,1.0
2080,23117.jpg,0.0,1.0,1.0
2081,22221.jpg,1.0,1.0,1.0
2082,23659.jpg,1.0,1.0,1.0
2083,22547.jpg,1.0,1.0,1.0
2084,22546.jpg,1.0,1.0,0.0
2085,20379.jpg,1.0,1.0,1.0
2086,24321.jpg,0.0,1.0,1.0
2087,20153.jpg,0.0,1.0,1.0
2088,21517.jpg,1.0,1.0,1.0
2089,20741.jpg,1.0,1.0,1.0
2090,23274.jpg,0.0,1.0,1.0
2091,20796.jpg,1.0,1.0,1.0
2092,24282.jpg,0.0,0.0,0.0
2093,24043.jpg,1.0,1.0,0.0
2094,21675.jpg,0.0,1.0,1.0
2095,23062.jpg,1.0,1.0,0.0
2096,23923.jpg,1.0,1.0,1.0
2097,24094.jpg,1.0,1.0,1.0
2098,24080.jpg,1.0,1.0,0.0
2099,23978.jpg,0.0,1.0,1.0
2100,23993.jpg,0.0,0.0,1.0
2101,21389.jpg,1.0,1.0,1.0
2102,22858.jpg,1.0,1.0,1.0
2103,20732.jpg,0.0,0.0,0.0
2104,21376.jpg,1.0,0.0,1.0
2105,20068.jpg,0.0,0.0,1.0
2106,20691.jpg,1.0,1.0,1.0
2107,22086.jpg,0.0,1.0,1.0
2108,22051.jpg,1.0,1.0,0.0
2109,23429.jpg,1.0,1.0,0.0
2110,20120.jpg,0.0,0.0,1.0
2111,21216.jpg,1.0,0.0,1.0
2112,21570.jpg,1.0,1.0,1.0
2113,23830.jpg,1.0,1.0,1.0
2114,22290.jpg,1.0,0.0,0.0
2115,22253.jpg,1.0,1.0,0.0
2116,20444.jpg,0.0,1.0,1.0
2117,23617.jpg,1.0,0.0,1.0
2118,23171.jpg,0.0,1.0,1.0
2119,20479.jpg,0.0,1.0,0.0
2120,21983.jpg,0.0,1.0,1.0
2121,23428.jpg,0.0,1.0,1.0
2122,20684.jpg,1.0,1.0,1.0
2123,20690.jpg,1.0,1.0,0.0
2124,21377.jpg,0.0,1.0,1.0
2125,21363.jpg,0.0,1.0,1.0
2126,23212.jpg,1.0,1.0,0.0
2127,22124.jpg,1.0,0.0,0.0
2128,22871.jpg,0.0,1.0,1.0
2129,23004.jpg,1.0,1.0,0.0
2130,21613.jpg,1.0,1.0,1.0
2131,21161.jpg,1.0,1.0,1.0
2132,23986.jpg,1.0,1.0,1.0
2133,21808.jpg,0.0,1.0,1.0
2134,22483.jpg,1.0,1.0,1.0
2135,20282.jpg,1.0,0.0,1.0
2136,23774.jpg,1.0,1.0,1.0
2137,21349.jpg,0.0,1.0,1.0
2138,22126.jpg,0.0,0.0,1.0
2139,21407.jpg,1.0,0.0,1.0
2140,23210.jpg,1.0,1.0,1.0
2141,21361.jpg,1.0,1.0,1.0
2142,22913.jpg,0.0,1.0,1.0
2143,20876.jpg,0.0,1.0,1.0
2144,22734.jpg,1.0,0.0,1.0
2145,20123.jpg,0.0,1.0,1.0
2146,22046.jpg,1.0,1.0,1.0
2147,20651.jpg,0.0,1.0,1.0
2148,22720.jpg,0.0,1.0,1.0
2149,21201.jpg,1.0,1.0,1.0
2150,23370.jpg,1.0,1.0,0.0
2151,21942.jpg,1.0,1.0,1.0
2152,24184.jpg,0.0,1.0,1.0
2153,22250.jpg,1.0,1.0,1.0
2154,21981.jpg,0.0,1.0,1.0
2155,21759.jpg,1.0,1.0,1.0
2156,22278.jpg,1.0,1.0,1.0
2157,23166.jpg,1.0,1.0,1.0
2158,21770.jpg,1.0,0.0,0.0
2159,22279.jpg,1.0,1.0,1.0
2160,20334.jpg,0.0,1.0,1.0
2161,22245.jpg,1.0,1.0,0.0
2162,22251.jpg,1.0,1.0,1.0
2163,22537.jpg,1.0,1.0,1.0
2164,24146.jpg,1.0,1.0,1.0
2165,20320.jpg,1.0,1.0,1.0
2166,21943.jpg,1.0,1.0,0.0
2167,21214.jpg,0.0,1.0,1.0
2168,22655.jpg,1.0,0.0,1.0
2169,21348.jpg,1.0,0.0,1.0
2170,22866.jpg,1.0,1.0,1.0
2171,23775.jpg,1.0,1.0,1.0
2172,21162.jpg,1.0,1.0,1.0
2173,23761.jpg,0.0,0.0,0.0
2174,24032.jpg,1.0,1.0,1.0
2175,22494.jpg,1.0,0.0,1.0
2176,23942.jpg,1.0,0.0,1.0
2177,21199.jpg,1.0,1.0,1.0
2178,22309.jpg,0.0,1.0,1.0
2179,21600.jpg,0.0,0.0,1.0
2180,24036.jpg,1.0,1.0,0.0
2181,20522.jpg,1.0,0.0,1.0
2182,22335.jpg,1.0,1.0,1.0
2183,22692.jpg,1.0,1.0,0.0
2184,20085.jpg,1.0,1.0,1.0
2185,23201.jpg,1.0,0.0,0.0
2186,24208.jpg,1.0,1.0,1.0
2187,20867.jpg,0.0,1.0,1.0
2188,23413.jpg,1.0,1.0,1.0
2189,21576.jpg,1.0,1.0,1.0
2190,21774.jpg,0.0,1.0,1.0
2191,21984.jpg,1.0,1.0,1.0
2192,22526.jpg,1.0,1.0,1.0
2193,20443.jpg,1.0,1.0,1.0
2194,21013.jpg,1.0,1.0,1.0
2195,23610.jpg,1.0,1.0,1.0
2196,23176.jpg,1.0,0.0,1.0
2197,22724.jpg,1.0,0.0,1.0
2198,20133.jpg,1.0,1.0,1.0
2199,20655.jpg,1.0,1.0,1.0
2200,22042.jpg,1.0,0.0,1.0
2201,21239.jpg,1.0,1.0,1.0
2202,22095.jpg,1.0,1.0,0.0
2203,20866.jpg,1.0,1.0,0.0
2204,21417.jpg,1.0,0.0,0.0
2205,21173.jpg,0.0,0.0,0.0
2206,21826.jpg,1.0,0.0,1.0
2207,22493.jpg,0.0,1.0,0.0
2208,21603.jpg,1.0,1.0,0.0
2209,22444.jpg,0.0,1.0,1.0
2210,22685.jpg,0.0,1.0,1.0
2211,21415.jpg,1.0,1.0,1.0
2212,22646.jpg,1.0,1.0,1.0
2213,20870.jpg,0.0,1.0,1.0
2214,22040.jpg,1.0,1.0,1.0
2215,20657.jpg,1.0,1.0,1.0
2216,22732.jpg,1.0,1.0,1.0
2217,20643.jpg,1.0,0.0,1.0
2218,21978.jpg,1.0,1.0,1.0
2219,21788.jpg,1.0,1.0,1.0
2220,24169.jpg,1.0,1.0,1.0
2221,21777.jpg,1.0,1.0,1.0
2222,20455.jpg,1.0,1.0,1.0
2223,21987.jpg,1.0,1.0,1.0
2224,20327.jpg,1.0,0.0,1.0
2225,21038.jpg,1.0,1.0,1.0
2226,24154.jpg,1.0,1.0,1.0
2227,21992.jpg,1.0,1.0,1.0
2228,21004.jpg,0.0,0.0,1.0
2229,20497.jpg,1.0,0.0,1.0
2230,23808.jpg,0.0,1.0,1.0
2231,23363.jpg,0.0,0.0,1.0
2232,22928.jpg,1.0,1.0,1.0
2233,20871.jpg,1.0,1.0,1.0
2234,23559.jpg,1.0,1.0,1.0
2235,22653.jpg,0.0,1.0,0.0
2236,20093.jpg,0.0,0.0,1.0
2237,22848.jpg,1.0,1.0,1.0
2238,24020.jpg,1.0,1.0,1.0
2239,22479.jpg,0.0,0.0,1.0
2240,21819.jpg,0.0,1.0,0.0
2241,20277.jpg,1.0,1.0,1.0
2242,23018.jpg,0.0,1.0,1.0
2243,22306.jpg,1.0,1.0,1.0
2244,23024.jpg,1.0,1.0,1.0
2245,20908.jpg,1.0,1.0,1.0
2246,24207.jpg,1.0,1.0,1.0
2247,21343.jpg,0.0,1.0,1.0
2248,23232.jpg,0.0,1.0,1.0
2249,22138.jpg,1.0,1.0,1.0
2250,23226.jpg,1.0,0.0,1.0
2251,21592.jpg,0.0,0.0,1.0
2252,22716.jpg,0.0,1.0,1.0
2253,20129.jpg,1.0,1.0,1.0
2254,21545.jpg,0.0,1.0,1.0
2255,21960.jpg,1.0,1.0,1.0
2256,24165.jpg,1.0,1.0,1.0
2257,22272.jpg,1.0,1.0,1.0
2258,22515.jpg,1.0,0.0,1.0
2259,23838.jpg,1.0,1.0,1.0
2260,23353.jpg,1.0,1.0,1.0
2261,21236.jpg,1.0,1.0,1.0
2262,21578.jpg,1.0,1.0,1.0
2263,23384.jpg,1.0,0.0,1.0
2264,21356.jpg,1.0,1.0,0.0
2265,22893.jpg,1.0,1.0,0.0
2266,22663.jpg,1.0,1.0,1.0
2267,22844.jpg,0.0,0.0,0.0
2268,21632.jpg,1.0,1.0,1.0
2269,20276.jpg,1.0,1.0,0.0
2270,24004.jpg,1.0,1.0,1.0
2271,23780.jpg,0.0,0.0,1.0
2272,21829.jpg,0.0,1.0,1.0
2273,23972.jpg,1.0,1.0,1.0
2274,22488.jpg,1.0,1.0,1.0
2275,20512.jpg,0.0,1.0,1.0
2276,24006.jpg,1.0,1.0,1.0
2277,21618.jpg,0.0,1.0,1.0
2278,22846.jpg,1.0,1.0,1.0
2279,22852.jpg,1.0,1.0,1.0
2280,21368.jpg,0.0,1.0,1.0
2281,24204.jpg,1.0,1.0,1.0
2282,22885.jpg,1.0,1.0,1.0
2283,20738.jpg,0.0,1.0,1.0
2284,21340.jpg,1.0,1.0,1.0
2285,20857.jpg,0.0,1.0,1.0
2286,21591.jpg,1.0,1.0,1.0
2287,20116.jpg,1.0,1.0,1.0
2288,24166.jpg,1.0,1.0,1.0
2289,23609.jpg,0.0,1.0,1.0
2290,20314.jpg,0.0,1.0,1.0
2291,22503.jpg,1.0,1.0,1.0
2292,23153.jpg,0.0,1.0,1.0
2293,21036.jpg,0.0,1.0,1.0
2294,21750.jpg,1.0,1.0,1.0
2295,23807.jpg,1.0,0.0,1.0
2296,23436.jpg,1.0,0.0,1.0
2297,20671.jpg,1.0,1.0,1.0
2298,22700.jpg,1.0,1.0,0.0
2299,23387.jpg,1.0,1.0,1.0
2300,22648.jpg,0.0,1.0,0.0
2301,21341.jpg,0.0,1.0,1.0
2302,22884.jpg,0.0,1.0,0.0
2303,23224.jpg,0.0,1.0,1.0
2304,24211.jpg,0.0,1.0,1.0
2305,21369.jpg,0.0,1.0,1.0
2306,21396.jpg,1.0,1.0,0.0
2307,22338.jpg,0.0,0.0,1.0
2308,23797.jpg,1.0,0.0,0.0
2309,22328.jpg,0.0,1.0,1.0
2310,20271.jpg,1.0,1.0,1.0
2311,23552.jpg,1.0,1.0,1.0
2312,23432.jpg,1.0,1.0,1.0
2313,20107.jpg,1.0,1.0,1.0
2314,22062.jpg,1.0,1.0,0.0
2315,23630.jpg,1.0,1.0,0.0
2316,22512.jpg,1.0,1.0,1.0
2317,22261.jpg,1.0,1.0,1.0
2318,23619.jpg,1.0,1.0,0.0
2319,20304.jpg,1.0,1.0,1.0
2320,23180.jpg,0.0,0.0,1.0
2321,21542.jpg,1.0,1.0,1.0
2322,20853.jpg,0.0,1.0,1.0
2323,20847.jpg,1.0,0.0,1.0
2324,22117.jpg,1.0,0.0,1.0
2325,23037.jpg,0.0,1.0,1.0
2326,21813.jpg,1.0,1.0,1.0
2327,21805.jpg,0.0,1.0,1.0
2328,20528.jpg,0.0,1.0,1.0
2329,21385.jpg,0.0,0.0,1.0
2330,22868.jpg,1.0,1.0,1.0
2331,20058.jpg,0.0,0.0,1.0
2332,20702.jpg,0.0,1.0,1.0
2333,22101.jpg,1.0,1.0,1.0
2334,22908.jpg,1.0,1.0,1.0
2335,23343.jpg,1.0,1.0,0.0
2336,21226.jpg,0.0,1.0,1.0
2337,20676.jpg,0.0,1.0,1.0
2338,20662.jpg,0.0,1.0,1.0
2339,21781.jpg,1.0,1.0,0.0
2340,22539.jpg,0.0,1.0,1.0
2341,23141.jpg,1.0,1.0,1.0
2342,22277.jpg,0.0,0.0,1.0
2343,22276.jpg,1.0,1.0,1.0
2344,21019.jpg,1.0,1.0,1.0
2345,22504.jpg,1.0,1.0,1.0
2346,22712.jpg,1.0,0.0,1.0
2347,22921.jpg,1.0,1.0,0.0
2348,23578.jpg,1.0,1.0,1.0
2349,20071.jpg,1.0,0.0,1.0
2350,22100.jpg,1.0,0.0,1.0
2351,20703.jpg,1.0,0.0,1.0
2352,21421.jpg,1.0,1.0,1.0
2353,23236.jpg,1.0,1.0,1.0
2354,22699.jpg,1.0,1.0,1.0
2355,23746.jpg,1.0,1.0,1.0
2356,23975.jpg,1.0,1.0,1.0
2357,20599.jpg,1.0,1.0,1.0
2358,24066.jpg,1.0,0.0,1.0
2359,21650.jpg,1.0,1.0,1.0
2360,24264.jpg,1.0,0.0,0.0
2361,20980.jpg,1.0,0.0,1.0
2362,21320.jpg,1.0,1.0,1.0
2363,23245.jpg,1.0,1.0,1.0
2364,20189.jpg,1.0,1.0,1.0
2365,20176.jpg,0.0,1.0,1.0
2366,22761.jpg,0.0,1.0,0.0
2367,23457.jpg,1.0,1.0,1.0
2368,21917.jpg,1.0,1.0,0.0
2369,22205.jpg,0.0,0.0,1.0
2370,21725.jpg,0.0,1.0,0.0
2371,23126.jpg,1.0,1.0,0.0
2372,23697.jpg,1.0,0.0,1.0
2373,21255.jpg,0.0,1.0,1.0
2374,23318.jpg,0.0,0.0,1.0
2375,23522.jpg,1.0,1.0,1.0
2376,21453.jpg,1.0,0.0,1.0
2377,22600.jpg,1.0,0.0,1.0
2378,22614.jpg,1.0,1.0,1.0
2379,22199.jpg,0.0,1.0,1.0
2380,21490.jpg,1.0,0.0,1.0
2381,23734.jpg,0.0,1.0,1.0
2382,21876.jpg,1.0,0.0,1.0
2383,20565.jpg,1.0,0.0,1.0
2384,21647.jpg,1.0,1.0,1.0
2385,20559.jpg,0.0,0.0,1.0
2386,23736.jpg,1.0,1.0,1.0
2387,21492.jpg,0.0,1.0,1.0
2388,23285.jpg,1.0,0.0,0.0
2389,23291.jpg,1.0,1.0,1.0
2390,21486.jpg,0.0,1.0,1.0
2391,20940.jpg,0.0,1.0,0.0
2392,24273.jpg,1.0,1.0,0.0
2393,20767.jpg,0.0,1.0,1.0
2394,22158.jpg,1.0,0.0,1.0
2395,23246.jpg,1.0,1.0,1.0
2396,23520.jpg,0.0,1.0,1.0
2397,20983.jpg,1.0,1.0,1.0
2398,20820.jpg,1.0,1.0,1.0
2399,21280.jpg,1.0,1.0,1.0
2400,20613.jpg,1.0,1.0,1.0
2401,22992.jpg,1.0,1.0,1.0
2402,22038.jpg,0.0,0.0,0.0
2403,21096.jpg,1.0,1.0,1.0
2404,20363.jpg,1.0,1.0,1.0
2405,21055.jpg,0.0,1.0,1.0
2406,23125.jpg,1.0,0.0,1.0
2407,21040.jpg,1.0,1.0,1.0
2408,21726.jpg,1.0,1.0,1.0
2409,20438.jpg,1.0,1.0,1.0
2410,22207.jpg,0.0,1.0,1.0
2411,21915.jpg,0.0,1.0,0.0
2412,21256.jpg,1.0,0.0,1.0
2413,23327.jpg,1.0,1.0,1.0
2414,23333.jpg,1.0,0.0,0.0
2415,20174.jpg,0.0,1.0,0.0
2416,20612.jpg,1.0,1.0,1.0
2417,20160.jpg,1.0,1.0,0.0
2418,23469.jpg,1.0,1.0,1.0
2419,22950.jpg,1.0,0.0,1.0
2420,23496.jpg,1.0,1.0,1.0
2421,22159.jpg,1.0,0.0,1.0
2422,22617.jpg,1.0,1.0,0.0
2423,22165.jpg,1.0,1.0,1.0
2424,20941.jpg,1.0,1.0,1.0
2425,22818.jpg,1.0,0.0,1.0
2426,23051.jpg,0.0,0.0,0.0
2427,23079.jpg,1.0,1.0,0.0
2428,23938.jpg,0.0,0.0,1.0
2429,21691.jpg,1.0,1.0,1.0
2430,22398.jpg,1.0,0.0,1.0
2431,21875.jpg,1.0,1.0,1.0
2432,22411.jpg,1.0,0.0,1.0
2433,21118.jpg,0.0,0.0,1.0
2434,22377.jpg,1.0,0.0,0.0
2435,22820.jpg,0.0,1.0,1.0
2436,23243.jpg,0.0,1.0,1.0
2437,20992.jpg,1.0,1.0,1.0
2438,20986.jpg,1.0,1.0,1.0
2439,23531.jpg,1.0,1.0,1.0
2440,21468.jpg,0.0,1.0,0.0
2441,20762.jpg,1.0,1.0,1.0
2442,23451.jpg,1.0,1.0,1.0
2443,21093.jpg,1.0,0.0,1.0
2444,23647.jpg,1.0,1.0,1.0
2445,21078.jpg,1.0,1.0,1.0
2446,22203.jpg,1.0,1.0,1.0
2447,22564.jpg,1.0,1.0,1.0
2448,22202.jpg,1.0,1.0,1.0
2449,20401.jpg,1.0,1.0,1.0
2450,20398.jpg,1.0,1.0,1.0
2451,20617.jpg,1.0,1.0,0.0
2452,21247.jpg,0.0,1.0,1.0
2453,22799.jpg,0.0,1.0,1.0
2454,24263.jpg,1.0,1.0,1.0
2455,22160.jpg,1.0,1.0,1.0
2456,22809.jpg,1.0,1.0,1.0
2457,21119.jpg,1.0,0.0,1.0
2458,20575.jpg,1.0,1.0,1.0
2459,24075.jpg,0.0,1.0,1.0
2460,21643.jpg,1.0,1.0,1.0
2461,23040.jpg,1.0,1.0,1.0
2462,23915.jpg,0.0,1.0,1.0
2463,21872.jpg,1.0,1.0,0.0
2464,20577.jpg,0.0,1.0,0.0
2465,22189.jpg,1.0,0.0,1.0
2466,23283.jpg,1.0,1.0,1.0
2467,20985.jpg,1.0,1.0,1.0
2468,20991.jpg,0.0,0.0,1.0
2469,22176.jpg,0.0,1.0,1.0
2470,20832.jpg,0.0,0.0,1.0
2471,24329.jpg,1.0,1.0,1.0
2472,23334.jpg,1.0,1.0,1.0
2473,22599.jpg,1.0,1.0,1.0
2474,23687.jpg,1.0,0.0,1.0
2475,21912.jpg,0.0,1.0,1.0
2476,22214.jpg,0.0,1.0,1.0
2477,22215.jpg,1.0,1.0,1.0
2478,22567.jpg,1.0,0.0,1.0
2479,20358.jpg,0.0,1.0,1.0
2480,21734.jpg,1.0,1.0,1.0
2481,21085.jpg,1.0,0.0,1.0
2482,23686.jpg,0.0,1.0,1.0
2483,22765.jpg,0.0,1.0,1.0
2484,21244.jpg,1.0,0.0,1.0
2485,24328.jpg,1.0,1.0,0.0
2486,22188.jpg,1.0,1.0,1.0
2487,22349.jpg,1.0,0.0,1.0
2488,21697.jpg,1.0,1.0,0.0
2489,20589.jpg,1.0,1.0,0.0
2490,22393.jpg,1.0,1.0,0.0
2491,23927.jpg,1.0,1.0,1.0
2492,22350.jpg,1.0,1.0,1.0
2493,22807.jpg,1.0,1.0,1.0
2494,22620.jpg,1.0,1.0,0.0
2495,23489.jpg,1.0,1.0,1.0
2496,22740.jpg,1.0,1.0,0.0
2497,24325.jpg,1.0,1.0,1.0
2498,21513.jpg,1.0,0.0,1.0
2499,21507.jpg,1.0,1.0,1.0
2500,21936.jpg,1.0,1.0,1.0
2501,20382.jpg,1.0,1.0,1.0
2502,20341.jpg,1.0,1.0,1.0
2503,22219.jpg,1.0,1.0,1.0
2504,21710.jpg,1.0,1.0,1.0
2505,21738.jpg,1.0,0.0,1.0
2506,23649.jpg,1.0,1.0,1.0
2507,23885.jpg,1.0,1.0,1.0
2508,22543.jpg,1.0,1.0,1.0
2509,24132.jpg,1.0,1.0,1.0
2510,22580.jpg,1.0,1.0,1.0
2511,21937.jpg,1.0,1.0,1.0
2512,22755.jpg,1.0,1.0,1.0
2513,23265.jpg,1.0,1.0,1.0
2514,21328.jpg,1.0,1.0,0.0
2515,22147.jpg,1.0,1.0,0.0
2516,22437.jpg,1.0,0.0,1.0
2517,22386.jpg,1.0,1.0,1.0
2518,23926.jpg,1.0,1.0,1.0
2519,20236.jpg,1.0,1.0,1.0
2520,21128.jpg,1.0,1.0,1.0
2521,22353.jpg,1.0,1.0,1.0
2522,24044.jpg,0.0,1.0,1.0
2523,23298.jpg,1.0,0.0,1.0
2524,22186.jpg,1.0,0.0,1.0
2525,20975.jpg,1.0,1.0,1.0
2526,22623.jpg,1.0,0.0,1.0
2527,24246.jpg,1.0,1.0,1.0
2528,20168.jpg,1.0,1.0,1.0
2529,22019.jpg,0.0,1.0,0.0
2530,20395.jpg,1.0,1.0,0.0
2531,22555.jpg,1.0,1.0,1.0
2532,20342.jpg,1.0,0.0,1.0
2533,23105.jpg,1.0,1.0,1.0
2534,21061.jpg,1.0,1.0,1.0
2535,21707.jpg,1.0,0.0,1.0
2536,20419.jpg,1.0,0.0,1.0
2537,23851.jpg,1.0,0.0,1.0
2538,21277.jpg,1.0,1.0,1.0
2539,21263.jpg,1.0,1.0,1.0
2540,20633.jpg,1.0,1.0,1.0
2541,21465.jpg,1.0,1.0,1.0
2542,20753.jpg,1.0,1.0,1.0
2543,23058.jpg,1.0,1.0,1.0
2544,23919.jpg,1.0,1.0,1.0
2545,24086.jpg,1.0,1.0,1.0
2546,22385.jpg,1.0,1.0,1.0
2547,24055.jpg,0.0,1.0,1.0
2548,24041.jpg,1.0,1.0,1.0
2549,20970.jpg,1.0,1.0,1.0
2550,22168.jpg,1.0,1.0,1.0
2551,22154.jpg,0.0,1.0,1.0
2552,22961.jpg,1.0,1.0,1.0
2553,22949.jpg,1.0,0.0,0.0
2554,22034.jpg,1.0,1.0,1.0
2555,22746.jpg,1.0,1.0,1.0
2556,21918.jpg,1.0,1.0,1.0
2557,21924.jpg,1.0,0.0,1.0
2558,23855.jpg,1.0,1.0,1.0
2559,23841.jpg,1.0,1.0,1.0
2560,20347.jpg,1.0,1.0,1.0
2561,22545.jpg,1.0,1.0,1.0
2562,22237.jpg,1.0,1.0,1.0
2563,23667.jpg,1.0,1.0,1.0
2564,21702.jpg,1.0,0.0,1.0
2565,22747.jpg,1.0,1.0,1.0
2566,20622.jpg,1.0,0.0,1.0
2567,21272.jpg,1.0,1.0,0.0
2568,22948.jpg,1.0,1.0,0.0
2569,20811.jpg,1.0,1.0,1.0
2570,21306.jpg,0.0,0.0,0.0
2571,24295.jpg,1.0,1.0,1.0
2572,21138.jpg,1.0,1.0,1.0
2573,23049.jpg,1.0,1.0,1.0
2574,21662.jpg,1.0,1.0,1.0
2575,21845.jpg,1.0,1.0,1.0
2576,20595.jpg,1.0,0.0,1.0
2577,23705.jpg,1.0,1.0,1.0
2578,22433.jpg,1.0,1.0,1.0
2579,23275.jpg,1.0,0.0,1.0
2580,21462.jpg,1.0,1.0,1.0
2581,21476.jpg,1.0,1.0,1.0
2582,22962.jpg,1.0,1.0,0.0
2583,20185.jpg,1.0,1.0,1.0
2584,22745.jpg,1.0,1.0,0.0
2585,20634.jpg,1.0,1.0,1.0
2586,21258.jpg,1.0,0.0,1.0
2587,20393.jpg,1.0,1.0,0.0
2588,21714.jpg,1.0,1.0,1.0
2589,24136.jpg,1.0,1.0,1.0
2590,24122.jpg,1.0,1.0,1.0
2591,24123.jpg,1.0,1.0,1.0
2592,21729.jpg,1.0,1.0,1.0
2593,22220.jpg,1.0,1.0,1.0
2594,21067.jpg,1.0,1.0,1.0
2595,21073.jpg,1.0,1.0,0.0
2596,20392.jpg,1.0,1.0,1.0
2597,22585.jpg,1.0,1.0,1.0
2598,21259.jpg,1.0,1.0,0.0
2599,23466.jpg,1.0,1.0,0.0
2600,24309.jpg,1.0,1.0,1.0
2601,20190.jpg,1.0,1.0,0.0
2602,22977.jpg,1.0,1.0,1.0
2603,22963.jpg,1.0,0.0,1.0
2604,23248.jpg,1.0,1.0,1.0
2605,20999.jpg,1.0,1.0,1.0
2606,20769.jpg,1.0,1.0,1.0
2607,21311.jpg,1.0,1.0,1.0
2608,21649.jpg,1.0,1.0,0.0
2609,22354.jpg,1.0,1.0,1.0
2610,22432.jpg,1.0,1.0,1.0
2611,23089.jpg,1.0,1.0,0.0
2612,21846.jpg,1.0,1.0,1.0
2613,20281.jpg,1.0,0.0,1.0
2614,22455.jpg,0.0,0.0,1.0
2615,20256.jpg,1.0,1.0,1.0
2616,22441.jpg,1.0,0.0,0.0
2617,20530.jpg,1.0,1.0,1.0
2618,22469.jpg,1.0,1.0,1.0
2619,24018.jpg,1.0,1.0,1.0
2620,23549.jpg,1.0,1.0,1.0
2621,23213.jpg,1.0,1.0,0.0
2622,21558.jpg,1.0,1.0,0.0
2623,23401.jpg,1.0,1.0,0.0
2624,24187.jpg,1.0,1.0,0.0
2625,21996.jpg,1.0,0.0,1.0
2626,23165.jpg,1.0,1.0,1.0
2627,21014.jpg,1.0,1.0,1.0
2628,22508.jpg,1.0,1.0,1.0
2629,22246.jpg,1.0,0.0,1.0
2630,24186.jpg,1.0,1.0,0.0
2631,21940.jpg,1.0,1.0,1.0
2632,21954.jpg,1.0,1.0,0.0
2633,21217.jpg,1.0,1.0,1.0
2634,23400.jpg,0.0,1.0,1.0
2635,20647.jpg,1.0,1.0,1.0
2636,22736.jpg,1.0,1.0,0.0
2637,20848.jpg,1.0,1.0,1.0
2638,21405.jpg,1.0,0.0,1.0
2639,20519.jpg,0.0,1.0,1.0
2640,21607.jpg,1.0,0.0,1.0
2641,22440.jpg,1.0,1.0,1.0
2642,20257.jpg,1.0,1.0,0.0
2643,20531.jpg,1.0,1.0,0.0
2644,22326.jpg,1.0,1.0,1.0
2645,23947.jpg,1.0,1.0,1.0
2646,20255.jpg,1.0,1.0,1.0
2647,23990.jpg,1.0,1.0,1.0
2648,24027.jpg,1.0,1.0,1.0
2649,21639.jpg,1.0,1.0,1.0
2650,23006.jpg,1.0,1.0,1.0
2651,20269.jpg,1.0,1.0,1.0
2652,21163.jpg,1.0,1.0,1.0
2653,22867.jpg,1.0,1.0,1.0
2654,23562.jpg,1.0,1.0,1.0
2655,24219.jpg,1.0,1.0,1.0
2656,23576.jpg,1.0,1.0,0.0
2657,21598.jpg,1.0,1.0,1.0
2658,20692.jpg,1.0,1.0,0.0
2659,22085.jpg,1.0,1.0,1.0
2660,20889.jpg,1.0,1.0,1.0
2661,23416.jpg,1.0,1.0,0.0
2662,20679.jpg,1.0,0.0,1.0
2663,22522.jpg,1.0,1.0,1.0
2664,23172.jpg,1.0,1.0,1.0
2665,23826.jpg,1.0,1.0,1.0
2666,21957.jpg,1.0,1.0,1.0
2667,20678.jpg,1.0,1.0,1.0
2668,22721.jpg,1.0,0.0,1.0
2669,20644.jpg,1.0,1.0,1.0
2670,20687.jpg,1.0,1.0,1.0
2671,21406.jpg,1.0,1.0,1.0
2672,23205.jpg,1.0,1.0,0.0
2673,22127.jpg,1.0,1.0,0.0
2674,20081.jpg,1.0,1.0,1.0
2675,20240.jpg,0.0,1.0,0.0
2676,21638.jpg,1.0,1.0,0.0
2677,22325.jpg,1.0,1.0,1.0
2678,20283.jpg,1.0,1.0,1.0
2679,21837.jpg,0.0,0.0,1.0
2680,22484.jpg,1.0,1.0,1.0
2681,23759.jpg,1.0,1.0,1.0
2682,22321.jpg,1.0,1.0,1.0
2683,22679.jpg,1.0,1.0,0.0
2684,21364.jpg,1.0,1.0,1.0
2685,23229.jpg,1.0,1.0,0.0
2686,20873.jpg,1.0,1.0,1.0
2687,21589.jpg,1.0,0.0,0.0
2688,22719.jpg,1.0,1.0,1.0
2689,20640.jpg,1.0,1.0,1.0
2690,21006.jpg,1.0,0.0,1.0
2691,21012.jpg,1.0,1.0,1.0
2692,23638.jpg,0.0,1.0,1.0
2693,21775.jpg,0.0,1.0,1.0
2694,23162.jpg,1.0,1.0,1.0
2695,21761.jpg,1.0,1.0,1.0
2696,20494.jpg,1.0,1.0,1.0
2697,24180.jpg,1.0,0.0,1.0
2698,23837.jpg,1.0,1.0,1.0
2699,22730.jpg,1.0,1.0,1.0
2700,22718.jpg,1.0,1.0,1.0
2701,21563.jpg,1.0,1.0,1.0
2702,20696.jpg,1.0,1.0,1.0
2703,20735.jpg,1.0,1.0,1.0
2704,24235.jpg,1.0,1.0,1.0
2705,22678.jpg,1.0,1.0,1.0
2706,24209.jpg,0.0,1.0,1.0
2707,23002.jpg,1.0,1.0,1.0
2708,22491.jpg,1.0,0.0,1.0
2709,21832.jpg,1.0,1.0,1.0
2710,23969.jpg,1.0,0.0,0.0
2711,23955.jpg,1.0,1.0,1.0
2712,22487.jpg,1.0,1.0,1.0
2713,22478.jpg,1.0,1.0,1.0
2714,20247.jpg,1.0,1.0,1.0
2715,22875.jpg,1.0,0.0,0.0
2716,22849.jpg,1.0,1.0,1.0
2717,24237.jpg,1.0,1.0,1.0
2718,20694.jpg,1.0,1.0,1.0
2719,22083.jpg,1.0,1.0,0.0
2720,24155.jpg,1.0,0.0,1.0
2721,20333.jpg,1.0,1.0,1.0
2722,21993.jpg,1.0,1.0,1.0
2723,20124.jpg,1.0,0.0,1.0
2724,20695.jpg,1.0,1.0,1.0
2725,24236.jpg,0.0,1.0,1.0
2726,22121.jpg,1.0,1.0,1.0
2727,21428.jpg,0.0,0.0,1.0
2728,20722.jpg,1.0,1.0,1.0
2729,21414.jpg,1.0,1.0,1.0
2730,22690.jpg,1.0,1.0,1.0
2731,20911.jpg,1.0,1.0,1.0
2732,20905.jpg,1.0,1.0,1.0
2733,20534.jpg,1.0,0.0,0.0
2734,24034.jpg,1.0,1.0,1.0
2735,22337.jpg,1.0,1.0,1.0
2736,20520.jpg,1.0,1.0,1.0
2737,20285.jpg,1.0,1.0,0.0
2738,23965.jpg,1.0,1.0,1.0
2739,23959.jpg,0.0,1.0,1.0
2740,21828.jpg,1.0,0.0,1.0
2741,20511.jpg,1.0,1.0,1.0
2742,21627.jpg,1.0,1.0,0.0
2743,23756.jpg,1.0,1.0,1.0
2744,22104.jpg,0.0,0.0,0.0
2745,20840.jpg,1.0,1.0,0.0
2746,20115.jpg,1.0,0.0,1.0
2747,23408.jpg,1.0,1.0,1.0
2748,21237.jpg,1.0,1.0,1.0
2749,23187.jpg,0.0,0.0,1.0
2750,21790.jpg,1.0,1.0,0.0
2751,21784.jpg,1.0,1.0,1.0
2752,22528.jpg,1.0,1.0,1.0
2753,24158.jpg,1.0,1.0,1.0
2754,23623.jpg,0.0,1.0,0.0
2755,22501.jpg,0.0,1.0,1.0
2756,24170.jpg,1.0,1.0,1.0
2757,20316.jpg,1.0,1.0,1.0
2758,23192.jpg,1.0,1.0,1.0
2759,23804.jpg,1.0,1.0,1.0
2760,20882.jpg,1.0,1.0,1.0
2761,20114.jpg,1.0,1.0,1.0
2762,20672.jpg,1.0,0.0,1.0
2763,20841.jpg,1.0,0.0,1.0
2764,22930.jpg,1.0,0.0,1.0
2765,20869.jpg,1.0,1.0,1.0
2766,21342.jpg,1.0,1.0,0.0
2767,22105.jpg,1.0,1.0,1.0
2768,22688.jpg,1.0,1.0,1.0
2769,20909.jpg,1.0,1.0,1.0
2770,20289.jpg,1.0,1.0,1.0
2771,21197.jpg,1.0,1.0,1.0
2772,23769.jpg,1.0,1.0,0.0
2773,21624.jpg,1.0,1.0,1.0
2774,20076.jpg,1.0,0.0,0.0
2775,22661.jpg,1.0,0.0,1.0
2776,22107.jpg,1.0,1.0,1.0
2777,20704.jpg,1.0,1.0,1.0
2778,22675.jpg,1.0,1.0,1.0
2779,20664.jpg,1.0,1.0,1.0
2780,23437.jpg,1.0,1.0,1.0
2781,23351.jpg,1.0,0.0,1.0
2782,21234.jpg,1.0,1.0,1.0
2783,23423.jpg,1.0,0.0,1.0
2784,23806.jpg,1.0,1.0,1.0
2785,22271.jpg,1.0,1.0,1.0
2786,20300.jpg,1.0,1.0,1.0
2787,20472.jpg,1.0,0.0,1.0
2788,21022.jpg,1.0,1.0,1.0
2789,21037.jpg,1.0,1.0,1.0
2790,23620.jpg,1.0,1.0,1.0
2791,20473.jpg,0.0,1.0,1.0
2792,22516.jpg,1.0,1.0,0.0
2793,22066.jpg,1.0,1.0,0.0
2794,22072.jpg,1.0,1.0,1.0
2795,20856.jpg,1.0,1.0,1.0
2796,20077.jpg,1.0,1.0,0.0
2797,23998.jpg,1.0,1.0,1.0
2798,20513.jpg,1.0,1.0,1.0
2799,21812.jpg,1.0,1.0,0.0
2800,23022.jpg,1.0,1.0,1.0
2801,21635.jpg,1.0,1.0,1.0
2802,23036.jpg,1.0,1.0,1.0
2803,21609.jpg,1.0,1.0,1.0
2804,20265.jpg,1.0,0.0,1.0
2805,21392.jpg,1.0,1.0,1.0
2806,23585.jpg,1.0,1.0,1.0
2807,22102.jpg,1.0,1.0,1.0
2808,22664.jpg,1.0,1.0,1.0
2809,24201.jpg,1.0,1.0,1.0
2810,22089.jpg,1.0,1.0,1.0
2811,21557.jpg,1.0,1.0,1.0
2812,20649.jpg,1.0,1.0,1.0
2813,21999.jpg,1.0,1.0,1.0
2814,23624.jpg,1.0,1.0,1.0
2815,24163.jpg,1.0,1.0,0.0
2816,20305.jpg,1.0,1.0,1.0
2817,20476.jpg,1.0,1.0,1.0
2818,21032.jpg,1.0,1.0,0.0
2819,21740.jpg,1.0,1.0,1.0
2820,21973.jpg,1.0,1.0,1.0
2821,21797.jpg,1.0,1.0,0.0
2822,24189.jpg,1.0,1.0,0.0
2823,23194.jpg,1.0,0.0,1.0
2824,20112.jpg,1.0,0.0,0.0
2825,23369.jpg,1.0,0.0,1.0
2826,22711.jpg,1.0,1.0,1.0
2827,20106.jpg,1.0,0.0,0.0
2828,20890.jpg,1.0,0.0,1.0
2829,21224.jpg,1.0,1.0,1.0
2830,23382.jpg,1.0,0.0,1.0
2831,21378.jpg,1.0,1.0,0.0
2832,23209.jpg,1.0,1.0,1.0
2833,24214.jpg,1.0,0.0,1.0
2834,20072.jpg,1.0,1.0,0.0
2835,22881.jpg,1.0,1.0,0.0
2836,20099.jpg,1.0,1.0,0.0
2837,21393.jpg,0.0,1.0,1.0
2838,20264.jpg,1.0,1.0,1.0
2839,22467.jpg,1.0,1.0,1.0
2840,21807.jpg,1.0,1.0,1.0
2841,23976.jpg,1.0,1.0,1.0
2842,21191.jpg,1.0,0.0,1.0
2843,23786.jpg,1.0,1.0,1.0
2844,23974.jpg,1.0,1.0,1.0
2845,22471.jpg,1.0,1.0,1.0
2846,24000.jpg,1.0,1.0,1.0
2847,22129.jpg,1.0,1.0,1.0
2848,23237.jpg,1.0,0.0,1.0
2849,22883.jpg,1.0,1.0,1.0
2850,23579.jpg,1.0,1.0,1.0
2851,22920.jpg,1.0,1.0,1.0
2852,20879.jpg,1.0,1.0,1.0
2853,20138.jpg,1.0,1.0,0.0
2854,21568.jpg,1.0,1.0,1.0
2855,23419.jpg,1.0,1.0,1.0
2856,21756.jpg,1.0,1.0,1.0
2857,24174.jpg,1.0,1.0,0.0
2858,22511.jpg,1.0,1.0,1.0
2859,20461.jpg,1.0,1.0,1.0
2860,20313.jpg,1.0,0.0,1.0
2861,22262.jpg,1.0,1.0,1.0
2862,21569.jpg,1.0,1.0,1.0
2863,21227.jpg,1.0,1.0,1.0
2864,22048.jpg,1.0,1.0,1.0
2865,20893.jpg,1.0,0.0,1.0
2866,23342.jpg,1.0,1.0,1.0
2867,20878.jpg,1.0,1.0,0.0
2868,23381.jpg,1.0,1.0,1.0
2869,22672.jpg,1.0,0.0,1.0
2870,23222.jpg,1.0,1.0,0.0
2871,23587.jpg,1.0,1.0,1.0
2872,20273.jpg,1.0,1.0,0.0
2873,24001.jpg,1.0,1.0,1.0
2874,20267.jpg,1.0,1.0,1.0
2875,21623.jpg,1.0,1.0,1.0
2876,21192.jpg,1.0,1.0,1.0
2877,24099.jpg,1.0,1.0,1.0
2878,23047.jpg,1.0,1.0,0.0
2879,22832.jpg,1.0,1.0,1.0
2880,22173.jpg,1.0,1.0,1.0
2881,21334.jpg,1.0,1.0,1.0
2882,24304.jpg,1.0,1.0,1.0
2883,21903.jpg,1.0,1.0,1.0
2884,23872.jpg,1.0,1.0,1.0
2885,23682.jpg,1.0,1.0,0.0
2886,22588.jpg,1.0,1.0,1.0
2887,23641.jpg,1.0,1.0,1.0
2888,21730.jpg,1.0,1.0,1.0
2889,24107.jpg,1.0,1.0,0.0
2890,22589.jpg,1.0,1.0,1.0
2891,23867.jpg,1.0,1.0,0.0
2892,22990.jpg,1.0,0.0,1.0
2893,23456.jpg,1.0,1.0,0.0
2894,20639.jpg,1.0,1.0,0.0
2895,23324.jpg,1.0,1.0,1.0
2896,21533.jpg,1.0,1.0,1.0
2897,22012.jpg,0.0,1.0,1.0
2898,24311.jpg,1.0,1.0,1.0
2899,23495.jpg,1.0,1.0,1.0
2900,20822.jpg,1.0,1.0,1.0
2901,23250.jpg,1.0,1.0,1.0
2902,20759.jpg,1.0,1.0,1.0
2903,22628.jpg,1.0,0.0,1.0
2904,23536.jpg,1.0,1.0,0.0
2905,22827.jpg,1.0,1.0,1.0
2906,20942.jpg,1.0,0.0,1.0
2907,23293.jpg,1.0,1.0,1.0
2908,21889.jpg,1.0,1.0,1.0
2909,24073.jpg,1.0,1.0,1.0
2910,23708.jpg,1.0,1.0,0.0
2911,23091.jpg,1.0,1.0,1.0
2912,21862.jpg,1.0,1.0,1.0
2913,21860.jpg,1.0,1.0,1.0
2914,23939.jpg,1.0,1.0,1.0
2915,23093.jpg,1.0,1.0,1.0
2916,22414.jpg,1.0,1.0,1.0
2917,21121.jpg,1.0,1.0,1.0
2918,24059.jpg,1.0,1.0,1.0
2919,20954.jpg,1.0,1.0,1.0
2920,22831.jpg,1.0,1.0,1.0
2921,22616.jpg,1.0,1.0,1.0
2922,20834.jpg,1.0,1.0,1.0
2923,21519.jpg,1.0,1.0,1.0
2924,21525.jpg,1.0,1.0,1.0
2925,22574.jpg,1.0,1.0,1.0
2926,24111.jpg,1.0,1.0,1.0
2927,23124.jpg,1.0,0.0,1.0
2928,21054.jpg,1.0,1.0,1.0
2929,23119.jpg,1.0,1.0,1.0
2930,20389.jpg,1.0,1.0,1.0
2931,21083.jpg,1.0,1.0,1.0
2932,20148.jpg,1.0,1.0,1.0
2933,20982.jpg,1.0,1.0,1.0
2934,23247.jpg,1.0,0.0,1.0
2935,23521.jpg,1.0,1.0,1.0
2936,24266.jpg,1.0,1.0,0.0
2937,20955.jpg,1.0,0.0,1.0
2938,22824.jpg,1.0,1.0,1.0
2939,23045.jpg,1.0,1.0,1.0
2940,21849.jpg,1.0,1.0,1.0
2941,21695.jpg,1.0,1.0,1.0
2942,23900.jpg,1.0,1.0,0.0
2943,22439.jpg,1.0,1.0,1.0
2944,21130.jpg,0.0,1.0,1.0
2945,20212.jpg,1.0,1.0,0.0
2946,23069.jpg,1.0,1.0,1.0
2947,23280.jpg,1.0,0.0,1.0
2948,22834.jpg,1.0,1.0,1.0
2949,21285.jpg,1.0,1.0,1.0
2950,22997.jpg,1.0,1.0,1.0
2951,20170.jpg,1.0,1.0,1.0
2952,23135.jpg,1.0,1.0,0.0
2953,24128.jpg,1.0,1.0,1.0
2954,22565.jpg,1.0,1.0,1.0
2955,24129.jpg,1.0,1.0,1.0
2956,21737.jpg,1.0,1.0,1.0
2957,21045.jpg,1.0,0.0,1.0
2958,23861.jpg,1.0,1.0,1.0
2959,20171.jpg,0.0,1.0,1.0
2960,20165.jpg,1.0,1.0,1.0
2961,21535.jpg,1.0,1.0,1.0
2962,23336.jpg,1.0,1.0,1.0
2963,23487.jpg,1.0,1.0,1.0
2964,21455.jpg,0.0,1.0,1.0
2965,23281.jpg,1.0,1.0,1.0
2966,21870.jpg,1.0,1.0,1.0
2967,23901.jpg,1.0,1.0,0.0
2968,22389.jpg,1.0,1.0,1.0
2969,24088.jpg,1.0,0.0,1.0
2970,21655.jpg,1.0,1.0,1.0
2971,23042.jpg,1.0,1.0,1.0
2972,22374.jpg,0.0,1.0,1.0
2973,20946.jpg,1.0,1.0,0.0
2974,23254.jpg,1.0,0.0,1.0
2975,22162.jpg,1.0,1.0,1.0
2976,21292.jpg,1.0,1.0,1.0
2977,22980.jpg,1.0,0.0,1.0
2978,21245.jpg,1.0,1.0,0.0
2979,23452.jpg,1.0,1.0,1.0
2980,24301.jpg,1.0,1.0,1.0
2981,20167.jpg,1.0,1.0,1.0
2982,21047.jpg,1.0,1.0,1.0
2983,23678.jpg,1.0,1.0,0.0
2984,20371.jpg,1.0,1.0,1.0
2985,22572.jpg,1.0,1.0,1.0
2986,20402.jpg,1.0,0.0,1.0
2987,23679.jpg,1.0,1.0,1.0
2988,23889.jpg,1.0,1.0,1.0
2989,20172.jpg,1.0,0.0,1.0
2990,22003.jpg,1.0,1.0,1.0
2991,23484.jpg,1.0,0.0,1.0
2992,24274.jpg,1.0,1.0,1.0
2993,21456.jpg,1.0,1.0,1.0
2994,21442.jpg,1.0,1.0,1.0
2995,21481.jpg,1.0,1.0,1.0
2996,24076.jpg,1.0,1.0,1.0
2997,23725.jpg,1.0,1.0,0.0
2998,21898.jpg,0.0,0.0,1.0
2999,23731.jpg,1.0,1.0,1.0
